,name,pri,casrn,class,mw,use
0,1-(3-chlorophthalimido)cyclohexanecarboxamide,10,51971-67-6,Carboxamide,0,Not Listed
1,"1-(4-phenyl phenoxy)-1-(1,2,4-triazole-1)-3,3-dimethyl butane-2-ol",11,Not Listed,Azole,0,Fungicide
2,"1-(6-Isopropyl-1,1,4-trimethyl-5-indanyl)-1-propanone",12,6682-77-5,Not Listed,0,Not Listed
3,1-(8-Hydroxy-5-quinolinyl)ethonone sulfate (2:1) salt,13,23267-58-5,Not Listed,0,Not Listed
4,"1-(8-Methoxy-4,8-dimethylnonyl)-4-(1-methylethyl)benzene",14,53905-38-7,Not Listed,0,Not Listed
5,1-(alkyl-amino)-3-aminopropane hydrochloride,15,Not Listed,Alkyl Amino Propane,0,Microbiocide
6,"1-(Alkyl* amino)-3-aminopropane *(47%C12, 18%C14, 10%C18, 9%C10, 8%C16, 8%C8)",16,61791-67-1,Alkyl Amino Propane,0,Microbiocide
7,1-(Alkyl* amino)-3-aminopropane *(as in fatty acids of coconut oil),17,61791-63-7,Alkyl Amino Propane,0,Microbiocide
8,"1-(Alkyl* amino)-3-aminopropane diacetate *(37%C18', 29%C16, 23%C18, 3%C16', 3%C14, 1.5%C18"", 1%C14', 1%C12, 0.5%C15)",18,68911-78-4,Alkyl Amino Propane,0,Microbiocide
9,1-(Alkyl* amino)-3-aminopropane diacetate *(as in fatty acids of coconut oil),19,Not Listed,Alkyl Amino Propane,0,Microbiocide
10,"1-(Alkyl* amino)-3-aminopropane monoacetate *(47%C12, 18%C14, 10%C18, 9%C10, 8%C16, 8%C8)",20,Not Listed,Alkyl Amino Propane,0,"Algaecide,Microbiocide"
11,1-(Alkyl* amino)-3-aminopropane propionate-copper acetate complex,21,Not Listed,Alkyl Amino Propane,0,Microbiocide
12,1-(alkylamino)-3-aminopropane,22,"68155-37-3, 68439-71-4",Alkyl Amino Propane,0,Microbiocide
13,1-(alkylamino)-3-carboxymethylaminopropane,23,Not Listed,Alkyl Amino Propane,0,Microbiocide
14,1-(Bromoacetoxy)-2-propanol,24,4189-47-3,Not Listed,0,Not Listed
15,1-(Dodecylbenzyl)pyridinium chloride,25,30901-67-8,Not Listed,0,Not Listed
16,"1-(p-chlorophenyl)-2,8,9-trioxa-5-aza-1-silabicyclo(3.3.3)undecane",26,29025-67-0,Not Listed,0,Not Listed
17,1-(para-tert-butyl phenoxy)-1-(2-butynyl) sulfite,27,38827-71-3,Not Listed,0,Insecticide
18,Imidacloprid des nitro acetate,29,Not Listed,Chloro-nicotinyl,0,Breakdown product
19,Imidacloprid des nitro HCl,30,Not Listed,Chloro-nicotinyl,0,Breakdown product
20,1-Alkyl (C6 to C18) amino-3-aminopropane acetate,31,Not Listed,Alkyl Amino Propane,0,Microbiocide
21,"1-Alkyl*-3-ethyl-2-methylpyridinium bromide *(60% C12, 30% C14, 10% C16)",32,Not Listed,Not Listed,0,Not Listed
22,"1-Alkyl*-5-ethyl-2-methylpyridinium bromide *(60% C12, 30% C14, 10% C16)",33,Not Listed,Not Listed,0,Not Listed
23,"1-alkylamino-2-aminopropane monoacetate, alkyl derived from coconut oil fatty acids",34,61791-64-8,Alkyl Amino Propane,0,Microbiocide
24,"1-Alkylamino-3-aminopropane hydroxyacetate, alkyl derived from coconut oil fatty acids",35,68155-43-1,Alkyl Amino Propane,0,"Microbiocide,Soap or Surfactant"
25,1-alpha-Hydroxycholecalciferol,36,41294-56-8,Not Listed,0,Not Listed
26,1-alpha-Hydroxyergocalciferol,37,54573-75-0,Not Listed,0,Not Listed
27,1-Benzyl-2-heptadecadienyl-2-imidazolinium chloride,38,82010-73-9,Not Listed,0,Not Listed
28,"1-benzyl-2-stearyl-benzenidazol-6,3'-disulfonic acid, sodium salt",39,Not Listed,Not Listed,0,Not Listed
29,"1-bromo-3-chloro-5,5-dimethyl hydantoin",40,16079-88-2,Hydantoin,241.47,"Fungicide,Herbicide,Microbiocide"
30,1-Bromopropane,41,106-94-5,Halogenated organic,0,"Building materials,Chemical intermediate,Fragrance component or p,Paints, coatings, resins,Solvent"
31,1-butoxy ethoxy-2-propanol,42,124-16-3,Alcohol/Ether,0,Breakdown product
32,1-butoxy-2-propanol,43,5131-66-8,Alcohol/Ether,0,"Breakdown product,Solvent"
33,"1-Carboxy(3-hydroxycyclohexyl) 2,4-dichloro-alpha-hydroxybenzene acetate",44,Not Listed,Unclassified,0,Breakdown product
34,"1-chloro-1,1-difluoro ethane",45,75-68-3,"Halogenated organic, Fluorinated organic",100.5,"Propellant,Solvent"
35,1-Chloro-2-nitrobenzene,46,88-73-3,Unclassified,157.56,Insecticide
36,1-chloro-2-propanol,47,127-00-4,Not Listed,94.54,Not Listed
37,"1-chloro-2,5-dimethoxybenzene",48,2100-42-7,Not Listed,0,Not Listed
38,1-Chloro-3-nitrobenzene,49,121-73-3,Unclassified,157.56,Insecticide
39,1-Chloro-4-nitrobenzene,50,100-00-5,Unclassified,157.56,"Chemical intermediate,Insecticide"
40,1-Chlorobutane,52,109-69-3,Halogenated organic,92.57,Solvent
41,"1-Dodecanamium-N,N'-methylenebis(oxy-2,1-ethanediyl)bis(N,N-dimethyl-, dichloride",54,Not Listed,Not Listed,0,Not Listed
42,"1-H-1,2,4-triazole-1-yl-acetic acid hydrochloride",55,Not Listed,Azole,0,Breakdown product
43,1-Heptadecanol,56,1454-85-9,Alcohol/Ether,0,Not Listed
44,1-Heptadecenyl-2-(2-hydroxyethyl)-2-imidazolinium chloride,57,"68-41-2, 53466-82-3",Imidazoline,0,"Algaecide,Microbiocide"
45,1-heptanol,58,111-70-6,Alcohol/Ether,116.2,Not Listed
46,1-hexanol,59,111-27-3,Alcohol/Ether,102.2,Not Listed
47,1-Hydroxyanthraquinone,60,129-43-1,Not Listed,0,"Chemical intermediate,Drug,Dye,Herbal remedy"
48,1-hydroxyethyl-1-benzyl-2-alkyl imidazolinium chloride,61,Not Listed,Imidazoline,0,Microbiocide
49,"1-Hydroxymethyl-5,5-dimethyl hydantoin",62,"116-25-6, 27636-82-4",Hydantoin,0,"Fungicide,Herbicide,Microbiocide"
50,"1-Hydroxymethyl-5,7-dichloroindazole",63,42757-92-6,Unclassified,0,Microbiocide
51,1-methyl pyrrolidine,65,120-94-5,Unclassified,0,Not Listed
52,1-methyl-1-tall oil amido ethyl-2-tall oil-imidazolino methosulfate,66,Not Listed,Not Listed,0,Not Listed
53,1-methyl-1-tallow-2-amido ethyl-2-heptadecyl imidazolinium nonemethosulfate,67,Not Listed,Imidazoline,0,"Algaecide,Microbiocide"
54,1-Methyl-2-nitroguanidine (Metabolite of dinotefuran),68,Not Listed,Not Listed,0,Breakdown product
55,1-Methyl-3-(tetrahydro-3-furylmethyl)guanidine (Metabolite of dinotefuran),69,Not Listed,Not Listed,0,Breakdown product
56,1-Methyl-3-(tetrahydro-3-furylmethyl)urea (Metabolite of dinotefuran),70,Not Listed,Not Listed,0,Breakdown product
57,"1-methyl-3,5,7-triaza-1-azonia tricyclo (3.3.1.1.3.7) decane",71,76902-90-4,Unclassified,0,Microbiocide
58,1-Methylbutyl decanoate,72,55195-26-1,Pheromone,0,Pheromone
59,1-Methylcyclopropene,73,3100-04-7,Not Listed,54.09,Preservative
60,1-Naphthaleneacetamide (NAD),74,86-86-2,"Botanical, Naphthalene acetic acid derivative",185.22,Plant Growth Regulator
61,"1-Naphthaleneacetic acid, methyl ester",75,2876-78-0,Naphthalene acetic acid derivative,0,Plant Growth Regulator
62,1-Naphthol,76,90-15-3,Not Listed,144.173,Breakdown product
63,1-Octanol,77,111-87-5,Alcohol/Ether,130.2,"Herbicide,Plant Growth Regulator"
64,1-Octen-3-ol,78,3391-86-4,Pheromone,0,"Dog and Cat Repellent,Fragrance component or p,Insect Repellent,Pheromone"
65,"1-Oxaspiro[4,5]dec-3-en-2-one, 3-(2,4-dichlorophenyl)-4-hydroxy-",80,148476-22-6,Not Listed,0,Not Listed
66,"1-Oxaspiro[4,5]decan-2-one, 3-(2,4-dichlorophenyl)-3.4-dihydroxy-",81,Not Listed,Unclassified,0,Breakdown product
67,Spiromesifen enol metabolite,82,148476-30-6,Unclassified,272.34,Breakdown product
68,1-Pentanethiol,83,110-66-7,Mercaptan,0,Not Listed
69,1-tetradecyl pyridinium bromide,85,1155-74-4,Not Listed,0,Not Listed
70,1-Vinyl-2-pyrrolidinone,86,88-12-0,Not Listed,0,Not Listed
71,"1,1-(2-butenylene) bis (3,5,7-triaza-1-azonia adamantane chloride)",87,51350-84-6,Not Listed,0,Not Listed
72,"1,1-Biphenyl, hydroxy derivs",88,"92-69-3, 29222-39-7, 68334-50-9",Not Listed,0,Not Listed
73,"1,1-Bis(4-chlorophenyl)ethanol",89,2642-82-2,Not Listed,0,Not Listed
74,"1,1-Bis(p-chlorophenyl)-2-nitrobutane",90,"117-26-0, 8027-00-7",Unclassified,0,Not Listed
75,"1,1-Bis(p-chlorophenyl)-2-nitrobutane and 1,1-bis(p-chlorophenyl)-2-nitropropane Use code nos. 056602 and 056603",91,Not Listed,Unclassified,0,Not Listed
76,"1,1-Bis(p-chlorophenyl)-2-nitropropane",92,117-27-1,Unclassified,0,Not Listed
77,"1,1-Dichloro-1-nitroethane",93,594-72-9,Not Listed,143.96,Not Listed
78,"1,1-dichloro-1-nitropropane",94,595-44-8,Not Listed,0,Not Listed
79,"1,1-Dimethyl hydrazine",95,57-14-7,Unclassified,60.1,"Breakdown product,Fuel or fuel additive,Impurity"
80,"1,1,1-Trichloro-2-tridecanone",96,69633-05-2,Not Listed,0,Not Listed
81,"1,1,1-trichloroethane",97,71-55-6,Halogenated organic,133.4,Solvent
82,"1,1,2-trichloro-1,2,2-trifluoro-ethane",98,76-13-1,Fluorinated organic,187.38,Solvent
83,"1,1,2-trichloroethane",99,79-00-5,Halogenated organic,133.42,"Chemical intermediate,Paints, coatings, resins,Solvent"
84,"1,1,2,3-tetramethyl butylamine dodecyl benzene sulfonate",100,Not Listed,Benzene sulfonate,0,"Adjuvant,Fungicide,Insecticide,Microbiocide"
85,"1,1'-Carbonylbis(hexahydro-1H-azepine)",101,25991-86-0,Not Listed,0,Insect Repellent
86,"1,12-Di(3-decyl-2-methylimidazolium)dodecane dibromide",102,Not Listed,Imidazoline,0,Microbiocide
87,"1,2-benzisothiazolin-3-one",103,2634-33-5,Isothiazolone,151.18,Microbiocide
88,"1,2-Benzisothiazolin-3-one, 2-butyl-",104,4299-07-4,Isothiazolone,207.29,Microbiocide
89,"1,2-dibromo-2,4-dicyanobutane",105,35691-65-7,Not Listed,0,Microbiocide
90,"1,2-dichloropropane",106,78-87-5,Halogenated organic,112.99,"Chemical intermediate,Fumigant,Impurity,Nematicide,Paints, coatings, resins,Solvent"
91,"1,2-Dichloropropane mixt. with 1,3-dichloropropene and methyl isothiocyanate",107,8066-01-1,Halogenated organic,0,"Fumigant,Nematicide"
92,"1,2-Dichloropropane, 1,3-dichloropropene and related C3 compounds",108,Not Listed,Halogenated organic,0,"Fumigant,Nematicide"
93,"1,2-dimethyl hydrazine",109,540-73-0,Unclassified,0,Not Listed
94,"1,2-Dimethyl-5-nitroimidazole",110,551-92-8,Not Listed,0,Not Listed
95,"1,2-epoxy butane",111,106-88-7,Unclassified,72.11,Not Listed
96,"1,2-Ethanediamine, polymer with (chloromethyl)oxirane and N-methylmethanamine",112,42751-79-1,Polymer,0,Not Listed
97,"1,2,3-propane tricarboxylic acid, 2-hydroxy, trilithium salt, none",113,919-16-4,Not Listed,0,Drug
98,"1,2,3-propanetriol, homopolymer, (Z)-9-octadecenoate",114,9007-48-1,Unclassified,0,Adjuvant
99,"1,2,3-Propanetriol, mono(4-aminobenzoate)",115,29593-08-6,Unclassified,0,Not Listed
100,"1,2,3,4-Tetrachlorobenzene",118,"634-66-2, 53466-72-1",Halogenated organic,215.89,Not Listed
101,"1,2,4-triazole",119,288-88-0,Azole,69.1,Breakdown product
102,"1,2,4-Triazole-1-yl- acetic acid",120,"28711-29-7, 4314-22-1",Azole,0,Breakdown product
103,"1,2,4-trichlorobenzene",121,120-82-1,Halogenated organic,181.45,Not Listed
104,"1,2,6-Hexanetriol",123,106-69-4,Not Listed,0,Not Listed
105,"1,3-Bis(2-hydroxyethyl)-2-heptadecenyl imidazolinium chloride",124,76069-38-0,Imidazoline,0,"Algaecide,Microbiocide"
106,"1,3-butadiene",125,106-99-0,Unclassified,54.09,"Chemical intermediate,Combustion byproduct,Paints, coatings, resins,Polymer production"
107,"1,3-butylene glycol",126,107-88-0,Glycol,90.1,Adjuvant
108,"1,3-di-n-butyl-2-thiourea",127,109-46-6,Not Listed,0,Not Listed
109,"1,3-Dibromo-5-ethyl-5-methylhydantoin",128,82925-96-0,Hydantoin,299.95,Fungicide
110,"1,3-dibromo-5,5-dimethylhydantoin",129,77-48-5,Hydantoin,285.91,"Fungicide,Herbicide,Microbiocide"
111,"1,3-Dichloro-1-propene, mixt. with 1,2-dichloropropane",130,8003-19-8,Halogenated organic,0,"Fumigant,Nematicide"
112,"1,3-Dichloro-5-ethyl-5-methylhydantoin",131,89415-87-2,Hydantoin,211.05,"Fungicide,Herbicide,Microbiocide"
113,"1,3-dichloro-5,5-dimethylhydantoin",132,118-52-5,Hydantoin,197.03,"Fungicide,Herbicide,Microbiocide"
114,"1,3-Dichloropropane",133,142-28-9,Halogenated organic,112.99,Fumigant
115,"1,3-Dichloropropene",134,"542-75-6, 10061-01-5, 10061-02-6",Halogenated organic,110.97,"Fumigant,Nematicide"
116,"1,3-diethyl-2-thiourea",135,105-55-5,Not Listed,132.25,Not Listed
117,"1,3-Dihydro-5-(trifluoromethoxy)-2H-benzimidazol-2-one (Metabolite of Indoxacarb)",136,Not Listed,Unclassified,0,Breakdown product
118,"1,3-Dimethyl-1,1,3,3-disiloxanetetrol-1,3-bis(dimethylthiocarbamate)",137,22232-20-8,Bis-Carbamate,0,Not Listed
119,"1,3-Diphenyl urea",138,102-07-8,Urea,212.25,Plant Growth Regulator
120,"1,3-pentadiene",139,504-60-9,Not Listed,0,Not Listed
121,"1,3-propane diamine dodecyl benzene sulfonate",140,Not Listed,Benzene sulfonate,0,"Adjuvant,Fungicide,Insecticide,Microbiocide"
122,"1,3-Propanediamine, N-(3-aminopropyl)-N-dodecyl-",141,2372-82-9,Alkyl Amino Propane,0,Microbiocide
123,"1,3-propanediol",142,504-63-2,Glycol,0,Adjuvant
124,"1,3,4-Thiadiazol-2(3H)-one, 5-(trifluoromethyl) (metabolite of Flufenacet)",143,84352-75-0,Unclassified,0,Breakdown product
125,"1,3,4-Trichloro-2,5-dimethoxybenzene",144,69653-71-0,Not Listed,0,Not Listed
126,"1,3,4,6-tetrachloroglycoluril",145,776-19-2,Not Listed,0,Not Listed
127,"1,3,4,6-tetrachloroglycoluril, other related",146,Not Listed,Not Listed,0,Not Listed
128,"1,3,5-Triazine-2,4-diamine,N-(1,1-dimethylethyl)-6-(methylthio)-",147,30125-65-6,Not Listed,0,Breakdown product
129,"1,3,5-Triethylhexahydro-s-triazine",148,7779-27-3,Triazine,171.283,Fungicide
130,"1,3,5,7-tetraaza bicyclo (3.3.1) nonane, 3,7-dinitroso",150,101-25-7,Not Listed,0,Not Listed
131,"1,4-bis (bromoacetoxy)-2-butene",151,20679-58-7,Not Listed,0,Microbiocide
132,"1,4-Dichloro-2,5-dimethoxybenzene",152,61887-07-8,Not Listed,0,Not Listed
133,"1,4,5,6,7,7-hexachloro-5-norbornene-2,3-dimethanol",154,Not Listed,Not Listed,0,Not Listed
134,"1,5-Pentamethylene glycol",155,111-29-5,Glycol,0,"Adjuvant,Solvent"
135,"1,6-Diamino-2,2-difluorohexane",156,22232-16-2,Not Listed,0,Not Listed
136,"1,6-hexanediamine",157,124-09-4,Amine,116.24,Not Listed
137,"1,6-Hexanediamine, polymer with N,N'''-1,6-hexanediylbis{N'-cyanoguanidine}, hydrochloride",158,27083-27-8,Polymer,0,Not Listed
138,"1,7-Dioxaspiro-5,5-undecane",159,180-84-7,Pheromone,0,Pheromone
139,1% verde green solution,160,Not Listed,Unclassified,0,Dye
140,"10,10'-Oxybisphenoxyarsine",161,58-36-6,"Organoarsenic, Heavy metal",502.23,"Fungicide,Microbiocide"
141,"1,080",162,62-74-8,Unclassified,100.02,"Insecticide,Rodenticide"
142,11-(E)-Tetradecen-1-ol,163,35153-18-5,Pheromone,0,Pheromone
143,11-(Z)-Tetradecen-1-ol,164,34010-15-6,Pheromone,0,Pheromone
144,11-Tetradecenyl acetate,165,26532-95-6,Pheromone,0,Pheromone
145,150 solvent neutral BP 901 base oil,166,Not Listed,Petroleum derivative,0,Insecticide
146,1H-benzo triazole,167,95-14-7,Azole,119.13,Not Listed
147,Tralopyril,171,122454-29-9,Pyrazole,349.534,Molluscicide
148,(1R-exo)-Brevicomin,172,20290-99-7,Pheromone,0,Pheromone
149,2-((2-amino ethyl) amino) ethanol dodecyl benzene sulfonate,173,68084-55-9,Benzene sulfonate,0,"Adjuvant,Fungicide,Insecticide,Microbiocide"
150,2-((4-chloro-o-tolyl)oxy)-N-methoxyacetamide,174,1081-53-4,Not Listed,0,Not Listed
151,2-((hydroxymethyl)amino) ethanol,175,34375-28-5,Not Listed,0,Microbiocide
152,2-((hydroxymethyl)amino)-2-methyl-1-propanol,176,52299-20-4,Not Listed,0,Microbiocide
153,"2-(2-(2-(N,N-Diethylamino)ethoxy)ethoxy)bornane",177,34256-92-3,Not Listed,0,Not Listed
154,"2-(2-(2-(N,N-Dimethylamino)ethoxy)ethoxy)bornane",178,53404-42-5,Not Listed,0,Not Listed
155,2-(2-(p-(diisobutyl) phenoxy) ethoxy) ethyl dimethyl ammonium chloride,179,121-54-0,Quaternary Ammonium Compound,448.1,Microbiocide
156,2-(2-butoxy ethoxy) ethyl thiocyanate,180,112-56-1,Not Listed,203.3,Insecticide
157,2-(2-Butoxyethoxy)ethanol,181,112-34-5,"Alcohol/Ether, Glycol Ether",162.26,Solvent
158,2-(2-Butoxyethoxy)ethyl ester of piperonylic acid,182,136-63-0,Not Listed,0,Synergist
159,"2-(2,2-Difluoroethoxy)-N-(5,6-dihydro-8-methoxy-5-oxo-[1,2,4]triazolo [1,",184,Not Listed,Not Listed,0,Breakdown product
160,"2-(2,2-Difluoroethoxy)-N-1H-1,2,4-triazol-3-yl-6-(trifluoromethyl)-",185,Not Listed,Not Listed,0,Breakdown product
161,"2-(2,4-Dichlorophenoxy)ethyl benzoate",186,94-83-7,"Chlorophenoxy acid, salt, or ester",0,Not Listed
162,"2-(2,4-DP), dimethylamine salt",187,53404-32-3,"Chlorophenoxy acid, salt, or ester",280.2,"Herbicide,Plant Growth Regulator"
163,2-(2'-hydroxy-5-methyl phenyl)-benzotriazole,188,2440-22-4,Azole,0,Fungicide
164,"2-(3,4-Methylenedioxyphenoxy)-3,6,9-trioxaundecane",189,51-14-9,Not Listed,0,Synergist
165,2-(4-chlorophenylmethyl)-3(2H)-isothiazolone,190,26530-09-6,Isothiazolone,0,Microbiocide
166,"2-(4,5-Dimethyl-1,3-dioxolan-2-yl)phenyl-N-methylcarbamate",191,7122-04-5,N-Methyl Carbamate,0,Insecticide
167,2-(8-hepta decenyl)-4-methyl-2-oxazoline-4-methanol,192,Not Listed,Not Listed,0,Not Listed
168,2-(acetoxymercuri)ethanol,193,4665-55-8,"Organomercury, Heavy metal",0,Not Listed
169,"2-(alpha-naphthoxy-4-hydroxy)-N,N-diethyl propionamide",194,Not Listed,Not Listed,0,Not Listed
170,"2-(alpha-naphthoxy-5-hydroxy)-N,N-diethyl propionamide",195,Not Listed,Not Listed,0,Not Listed
171,2-(chloro-o-tolyl)oxy)ethyl sodium sulfate,196,5903-06-0,Not Listed,0,Not Listed
172,2-(chloromethyl)-4-nitrophenyl acetate,197,5174-32-3,Not Listed,0,Not Listed
173,"2-(chlorophenoxy)propionic acid, sodium salt",198,53404-22-1,"Chlorophenoxy acid, salt, or ester",0,"Herbicide,Plant Growth Regulator"
174,"2-(Decylthio)ethanamine, hydrochloride salt",199,36362-09-1,Not Listed,0,Microbiocide
175,2-(Diethylamino)-4-(isopropylamino)-6-methoxy-s-triazine,200,3004-70-4,Triazine,0,Herbicide
176,2-(dithiocyanomethylthio)-benzothiazole,202,Not Listed,Mercaptobenzothiazole,0,Fungicide
177,2-(octyloxy)thiazole,203,83588-44-7,Not Listed,0,Not Listed
178,2-(p-Hydroxyphenyl)oxoacetohydroximic chloride,204,34911-46-1,Not Listed,0,Microbiocide
179,2-(p-tert-Butylphenoxy) cyclohexanol,205,130336-40-2,Not Listed,0,Not Listed
180,"2-(thiocyanomethylthio)benzothiazole with 2'-hydroxyethyl-2,3-dibromopropionate",206,79910-32-0,Mercaptobenzothiazole,0,Microbiocide
181,2-(trichlorophenoxy)ethyl hydrogen sulfate,207,69633-04-1,Chlorinated Phenol,0,Herbicide
182,2-(Trifluoromethoxy)benzenesulfonamide (metabolite of MKH 6562),208,37526-59-3,Not Listed,241.19,Breakdown product
183,2-alkyl-1-benzyl-1-(2-hydroxyethyl)-2-imidazolinium chloride (alkyd,211,61791-52-4,Imidazoline,0,Microbiocide
184,2-Alkyl*-1-(2-hydroxyethyl)-2-imidazoline phosphate *(100% C13),212,53404-11-8,Imidazoline,0,Microbiocide
185,2-Alkyl*-1-(4-chlorobutyl)-1-(2-hydroxyethyl)-2-imidazolinium chloride *(100% C6-C17),213,Not Listed,Imidazoline,0,Microbiocide
186,2-Alkyl*-1-benzyl-1-(2-hydroxyethyl)-2-imidazolinium nitrate *(100% C11-C17),214,Not Listed,Imidazoline,0,Microbiocide
187,2-Alkyl*-1(or 3)-benzyl-1-(2-hydroxethyl)-2-imidazolinium chloride *(as in fatty acids of tall oil),215,68309-34-2,Imidazoline,0,Microbiocide
188,"2-Alkyl*-2-imidazolinium hydroxide-1-carboxymethyl oxyethyl carboxymethyl, disodium salt of *(as in fatty acids of coconut oil)",216,Not Listed,Imidazoline,0,Microbiocide
189,2-Amino-2-(4-tert-butyl-2-ethoxyphenyl)-1-ethanol,217,Not Listed,Unclassified,0,Breakdown product
190,"2-Amino-2-(4-tert-butyl-2-ethoxyphenyl)ethyl 2,6-difluorobenzoate hydrochloride",218,Not Listed,Unclassified,0,Breakdown product
191,beta-Aminoisobutanol,219,124-68-5,Not Listed,89.1,Not Listed
192,"2-Amino-4,6-dimethyl-pyrimidine (metabolite of pyrimethanil)",221,Not Listed,Unclassified,0,Breakdown product
193,"2-Amino-8-methoxy[1,2,4]triazolo[1,5-c]pyrimidin-5-ol (metabolite of penoxsulam)",222,Not Listed,Unclassified,0,Breakdown product
194,2-bromo-4-hydroxyacetophenone,225,2491-38-5,Not Listed,0,Microbiocide
195,2-Bromopropane,226,75-26-3,Halogenated organic,0,"Chemical intermediate,Dye,Solvent"
196,2-Butanesulfonic acid,227,16794-12-0,Not Listed,0,Not Listed
197,2-butanone oxime,228,96-29-7,Unclassified,87.12,Not Listed
198,2-butenoic acid,229,3724-65-0,Pheromone,86.09,Pheromone
199,2-butoxy ethanol phosphate,230,78-51-3,Not Listed,398.54,"Fungicide,Microbiocide"
200,2-Butoxyethanol,231,111-76-2,Alcohol/Ether,118.18,"Adjuvant,Fungicide,Microbiocide,Solvent"
201,"2-Butyl-2-ethyl-1,3-propanediol",232,115-84-4,Not Listed,0,Not Listed
202,2-Chloro-1-propanol,233,78-89-7,Unclassified,0,Not Listed
203,2-chloro-10-(3-dimethylaminopropyl)phenothiazine monohydrochloride,234,69-09-0,Not Listed,355.33,Not Listed
204,2-chloro-4-((hydroxymethyl)amino)-6-(isopropylamino)-s-triazine,236,29450-57-5,Triazine,0,Herbicide
205,2-chloro-4-nitrobenzamide,237,3011-89-0,Not Listed,0,Not Listed
206,2-chloro-4-phenylphenol,238,92-04-6,Chlorinated Phenol,0,Microbiocide
207,"2-chloro-4-phenylphenol, potassium salt",239,18128-16-0,Chlorinated Phenol,0,Microbiocide
208,"2-chloro-4-phenylphenol, sodium salt",240,31366-97-9,Chlorinated Phenol,0,Microbiocide
209,"2-chloro-4,5-xylenol",241,1124-04-5,Not Listed,0,Breakdown product
210,"2-chloro-4,5-xylyl carbamate",242,5944-66-1,Not Listed,0,Not Listed
211,"2-chloro-4,5-xylyl N-hydroxy-N-methylcarbamate",243,"14357-82-5, 10310-17-5",N-Methyl Carbamate,0,Insecticide
212,2-chloro-6-nitrotoluene,245,83-42-1,Not Listed,0,Not Listed
213,2-chloro-ethanol,246,107-07-3,Not Listed,80.52,Not Listed
214,2-chloro-N-(2-methyl-4-bromophenyl)acetamide,247,96686-51-0,Not Listed,0,Not Listed
215,2-chloro-N-(hydroxymethyl)acetamide,248,2832-19-1,Not Listed,0,Not Listed
216,2-chloro-salicylanilide,249,Not Listed,Not Listed,0,Not Listed
217,2-chloroacetophenone,250,532-27-4,Not Listed,154.6,Not Listed
218,"2-chloroethyl 2-(2,4,6-trichlorophenoxy)ethyl ether",251,5324-22-1,"Chlorophenoxy acid, salt, or ester",0,Not Listed
219,(2-chloroethyl)methylbis(phenylmethoxy)silane,252,41289-08-1,Unclassified,0,Not Listed
220,2-Chlorophenol,253,95-57-8,Chlorinated Phenol,128.56,Microbiocide
221,2-chloropyridine-N-oxide,254,Not Listed,Unclassified,0,Not Listed
222,"2-cyclohexyl-4,5-dichloro-4-isothioazolin-3-one",255,57063-29-3,Isothiazolone,0,Insecticide
223,2-Cyclohexylcyclohexanol,256,6531-86-8,Not Listed,0,Not Listed
224,"2-cyclopenten-1-one, 2-hydroxy-3-methyl-",257,80-71-7,Pheromone,0,"Fragrance component or p,Pheromone"
225,2-cyclopentylphenyl methylcarbamate,258,3282-00-6,N-Methyl Carbamate,0,Insecticide
226,2-diethyl amino ethanol,259,100-37-8,Not Listed,117.19,Not Listed
227,(((2-dihydro-5-methyl-3(2H)-oxazolyl)-1-methylethoxy)methoxy)methanol,260,97553-90-7,Unclassified,0,Microbiocide
228,([([(2-dihydro-5-methyl-3(2H)-oxazolyl)-1-methylethoxy]methoxy)methoxy]methanol,261,40382-75-0,Unclassified,0,Microbiocide
229,2-EEEBC,262,62732-91-6,"Other Carbamate, Benzimidazole",0,Fungicide
230,2-ethoxyethanol,263,110-80-5,Glycol Ether,90.14,"Chemical intermediate,Fuel or fuel additive,Fungicide,Microbiocide,Paints, coatings, resins,Solvent"
231,2-ethyl hexanoic acid,264,149-57-5,Unclassified,144.21,"Chemical intermediate,Dye,Lubricant,Paints, coatings, resins,Solvent"
232,2-ethyl hexyl acrylate,265,103-11-7,Unclassified,184.3,Not Listed
233,2-ethyl hexyl ammonium isooctyl phosphate,266,Not Listed,Not Listed,0,Not Listed
234,2-ethyl hexyl oxystearate,267,29710-25-6,Not Listed,0,Not Listed
235,2-Ethyl-1-butanol,268,97-95-0,Alcohol/Ether,0,Not Listed
236,2-ethyl-1-hexanol,269,104-76-7,Alcohol/Ether,130.3,Solvent
237,"2-Ethyl-3-(3-ethyl-(5-(4-ethylphenoxy)-2,3-dimethylpentyl)-2-methyloxirane mixt. with 2-ethyl-3-(3-ethyl-5-(4-ethylphenoxy)penty",270,65995-37-1,Not Listed,0,Insect Growth Regulator
238,2-Ethylbutyric acid,272,88-09-5,Not Listed,0,Not Listed
239,2-Ethylhexanoate salt of magnesium 8-quinolinolate,273,12379-46-3,Not Listed,0,Not Listed
240,"2-ethylhexyl sulfuric acid, sodium salt",274,126-92-1,Not Listed,232.28,"Adjuvant,Soap or Surfactant"
241,2-Heptadecenyl-2-imidazoline,275,30968-43-5,Imidazoline,0,"Algaecide,Microbiocide"
242,2-heptadecyl-1-hydroxyethyl-imidazolinium hydrochloride,276,53466-92-5,Imidazoline,0,"Algaecide,Microbiocide"
243,2-heptadecyl-1-methyl-1-(2-stearoyl amide) ethyl) imidazoliniummethyl sulfate,277,13470-50-3,Imidazoline,0,Microbiocide
244,2-heptanone,278,110-43-0,Unclassified,114.18,Not Listed
245,"2-heptyl-2-imidazolinium hydroxide-1-carboxy methyloxy ethyl-1-carboxy methyl, disodium salt",279,Not Listed,Imidazoline,0,Microbiocide
246,2-hexen-1-ol acetate,280,2497-18-9,Not Listed,0,Not Listed
247,2-Hydroxy alachlor,281,Not Listed,Chloroacetanilide,0,Breakdown product
248,2-hydroxy ethyl dimethyl 3-octadecanamido propyl ammonium nitrate,282,2764-13-9,Not Listed,0,Not Listed
249,2-hydroxy-4-n-octyl benzophenone,283,21245-02-3,Unclassified,0,Not Listed
250,2-hydroxyethyl octyl sulfide,285,3547-33-9,Not Listed,0,Insecticide
251,(2-Hydroxyethyl)ethylenediaminetriacetic acid,286,150-39-0,Chelating agent,0,Adjuvant
252,(2-Hydroxymethyl-cyclohexyl)acetic acid lactone,287,21962-62-9,Not Listed,0,Not Listed
253,2-Hydroxyphenyl methylcarbamate,288,10309-97-4,N-Methyl Carbamate,0,Insecticide
254,2-Isopropyl-4-methyl-6-hydroxypyrimidine,290,"2814-20-2, 55949-38-7",Unclassified,152.19,Breakdown product
255,"2-isovaleryl 1-1,3-indandione",291,83-28-3,"1,3-Indandione",0,Rodenticide
256,"2-isovaleryl 1-1,3-indandione, calcium salt",292,23710-76-1,"1,3-Indandione",0,Rodenticide
257,"2-isovaleryl-1,3-indandione, sodium salt",293,53404-57-2,"1,3-Indandione",0,Rodenticide
258,2-Lauryl isoquinolinium bromide,294,93-23-2,Not Listed,0,"Fungicide,Microbiocide"
259,"2-Lauryl-1-hydroxy-1-(2-hydroxyethyl)-1-carboxymethylimidazolinium, disodium salt of",295,76461-10-4,Not Listed,0,Not Listed
260,2-mercapto pyridine,296,2637-34-5,Unclassified,0,Not Listed
261,2-Mercaptobenzothiazole,297,149-30-4,Mercaptobenzothiazole,167.25,"Fungicide,Microbiocide"
262,"2-Mercaptobenzothiazole, 1-(hydroxyethyl)pyridinium salt",298,5468-43-9,Mercaptobenzothiazole,0,"Fungicide,Microbiocide"
263,"2-Mercaptobenzothiazole, ferric salt",299,53404-53-8,Mercaptobenzothiazole,0,"Fungicide,Microbiocide"
264,"2-Mercaptobenzothiazole, manganese salt",300,53404-58-3,Mercaptobenzothiazole,0,"Fungicide,Insecticide,Microbiocide"
265,"2-Mercaptobenzothiazole, monoethanolammonium salt",301,5902-85-2,Mercaptobenzothiazole,0,"Fungicide,Microbiocide"
266,"2-Mercaptobenzothiazole, potassium salt",302,7778-70-3,Mercaptobenzothiazole,0,"Fungicide,Microbiocide"
267,"2-Mercaptobenzothiazole, sodium salt",303,2492-26-4,Mercaptobenzothiazole,189.23,"Fungicide,Microbiocide"
268,"2-Mercaptobenzothiazole, zinc salt",304,155-04-4,"Mercaptobenzothiazole, Inorganic-Zinc",0,"Fungicide,Microbiocide"
269,"2-methoxy-5-nitro phenol, sodium salt",305,67233-85-6,"Botanical, Phenol",191.12,Plant Growth Regulator
270,2-methyl-1-naphthalene acetamide,306,85-07-4,Naphthalene acetic acid derivative,0,Fungicide
271,2-Methyl-1-naphthaleneacetic acid,307,85-08-5,Naphthalene acetic acid derivative,0,Not Listed
272,"2-methyl-1,3-propanediol",308,2163-42-0,Not Listed,0,Not Listed
273,2-methyl-3-butyn-2-ol,309,115-19-5,Not Listed,84.1176,Not Listed
274,2-Methyl-3-furanilide,310,83542-76-1,Not Listed,0,Not Listed
275,"2-Methyl-3(2H)-isothiazolone, calcium chloride complex",311,57373-20-3,Isothiazolone,0,Microbiocide
276,2-methyl-4-isothiazolin-3-one,312,2682-20-4,Isothiazolone,115.15,Microbiocide
277,"2-methyl-4,5-trimethylene-4-isothiazolin-3-one",313,82633-79-2,Isothiazolone,0,Microbiocide
278,"(2-Methyl-4,6-dichlorophenoxy)acetic acid (as impurity)",314,13333-87-4,"Chlorophenoxy acid, salt, or ester",0,Impurity
279,2-Methyl-6-chlorophenoxyacetic acid (as impurity),315,19094-75-8,"Chlorophenoxy acid, salt, or ester",0,Impurity
280,"2-methyl-7(R),8(S)-epoxy octadecane",316,29804-22-6,Pheromone,0,Pheromone
281,2-Methylanthraquinone,317,84-54-8,Not Listed,0,Not Listed
282,(2-Methylphenoxy)acetic acid (as impurity),318,1878-49-5,Not Listed,0,Impurity
283,"2-Naphthalenol, 1,1'-Methylenebis, Monosodium Salt",319,38827-66-6,Not Listed,0,Not Listed
284,2-Naphthol,320,135-19-3,Not Listed,144.2,Not Listed
285,2-Naphthylacetic acid,321,581-96-4,Naphthalene acetic acid derivative,0,Plant Growth Regulator
286,2-Naphthyloxyacetamide,322,Not Listed,"Naphthalene acetic acid derivative, Botanical",0,"Herbicide,Plant Growth Regulator"
287,2-Nitro-1-butanol,323,609-31-4,Not Listed,119.12,Not Listed
288,2-nitro-1-butyl phosphate,324,57249-19-1,Unclassified,0,Not Listed
289,(2-Nitro-1-propenyl)benzene,325,705-60-2,Not Listed,0,Not Listed
290,"2-Nitro-2-ethyl-1,3-propanediol",326,597-09-1,Not Listed,0,Microbiocide
291,"2-Nitro-2-methyl-1,3-propanediol",327,77-49-6,Not Listed,0,Microbiocide
292,2-Nitropropane,328,79-46-9,Unclassified,89.11,"Chemical intermediate,Fuel or fuel additive,Impurity,Paints, coatings, resins,Solvent,Tobacco smoke component"
293,2-Oxo-3(2H)-benzothiazolacetonitrile,329,61516-68-5,Not Listed,0,Not Listed
294,"2-para-cymenol, chloroethyl ester",331,Not Listed,Not Listed,0,Fungicide
295,2-Pentadecyl-2-imidazoline,332,12379-47-4,Not Listed,0,Not Listed
296,2-Phenylcyclohexanol,333,1444-64-0,Alcohol/Ether,0,Not Listed
297,2-Phenylethanol,334,60-12-8,Alcohol/Ether,122.2,Not Listed
298,"2-phosphono-1,2,4-butanetricarboxylic acid aqueous",335,37971-36-1,Not Listed,0,Not Listed
299,2-Propanol-triiodide,336,82010-76-2,Not Listed,0,Not Listed
300,"2-Propanol, 1-amino",337,78-96-6,Not Listed,75.13,Not Listed
301,"2-Pyrroline-3-carbonitrile, 2-(p-chlorophenyl)-5-hydroxy-4-oxo-5-",338,Not Listed,Unclassified,0,Breakdown product
302,2-tert-Amylphenol,339,87-26-3,Phenol,0,Microbiocide
303,"2,2-Bis(p-chlorophenyl)ethyl acetate",340,3305-00-8,Not Listed,0,Not Listed
304,"2,2-dibromo-3-nitrilopropionamide",341,10222-01-2,Not Listed,241.87,Microbiocide
305,"2,2-dithio (bis)benzamide",342,Not Listed,Not Listed,0,Not Listed
306,"2,2-methylene bis(4,6-dichlorophenol), sodium salt",343,68957-70-0,Chlorinated Phenol,0,Microbiocide
307,"2,2-oxybis (4-dodecyl benzene sulfonate)",344,Not Listed,Benzene sulfonate,0,"Adjuvant,Fungicide,Insecticide,Microbiocide"
308,"2,2,2-Trichloro-N-(pentachlorophenyl)acetimidoyl chloride",345,3583-63-9,Not Listed,0,Not Listed
309,"2,2,4-Trimethyl-1,3-pentanediol",346,144-19-4,Glycol,0,"Adjuvant,Solvent"
310,"2,2'-(1-methyltrimethylenedioxy)bis-(4-methyl-1,3,2-dioxaborinane)",347,2665-13-6,Unclassified,0,Microbiocide
311,"2,2'-(coco alkyl imino) bis (ethanol) with bis (2-ethylhexyl)phosphate (1:1)",348,68649-38-7,Not Listed,0,"Microbiocide,Soap or Surfactant"
312,"2,2'-(coco alkyl imino) bis (ethanol) with mono (2-ethylhexyl)phosphate (1:1)",349,120579-32-0,Not Listed,0,"Microbiocide,Soap or Surfactant"
313,"2,2'-(ethyl imino) diethanol",350,139-87-7,Not Listed,0,Not Listed
314,"2,2'-azobis isobutyronitrile",351,78-67-1,Not Listed,0,Not Listed
315,"2,2'-bis (6-t-butyl-p-cresyl)-methane",352,119-47-1,Not Listed,0,Not Listed
316,"2,2'-Dithiobisbenzothiazole",353,120-78-5,Mercaptobenzothiazole,332.48,"Fungicide,Insecticide,Microbiocide"
317,"2,2'-hexadecyl imino diethanol",354,18924-67-9,Not Listed,0,Not Listed
318,"2,2'-Methylenebis(4,6-dichlorophenol)",355,1940-43-8,Chlorinated Phenol,0,Microbiocide
319,"2,2'-octadecyl imino diethanol",356,10213-78-2,Unclassified,0,Not Listed
320,"2,2'-oxybis (4,4,6-trimethyl-1,3,2-dioxaborinane)",357,14697-50-8,Unclassified,0,Microbiocide
321,"2,2'-Thiobis(4,6-dichlorophenol)",358,97-18-7,Chlorinated Phenol,356.07,Not Listed
322,"2,3-Butanediol",359,513-85-9,Glycol,0,"Adjuvant,Solvent"
323,"2,3-Dibromopropionaldehyde",360,5221-17-0,Aldehyde,0,Not Listed
324,"2,3-Dibromopropionitrile",361,4554-16-9,Not Listed,0,Not Listed
325,"2,3-Dichloro-1,4-dimethoxybenzene",362,39542-66-0,Not Listed,0,Not Listed
326,"2,3-Dichloropropene",363,78-88-6,Halogenated organic,110.97,Not Listed
327,"2,3-Dihydro-2,2-dimethyl-7-benzofuranol",364,17781-15-6,Not Listed,0,Not Listed
328,"2,3,4,6-tetrachlorophenol, potassium salt",365,53535-27-6,Chlorinated Phenol,0,"Fungicide,Wood Preservative"
329,"2,3,5-trichloro-4-(propylsulfonyl) pyridine",366,38827-35-9,Not Listed,0,Microbiocide
330,"2,3,5-trichloro-4-(propylsulfonyl)pyridine, other related",367,Not Listed,Not Listed,0,Microbiocide
331,"2,3,5-triiodo benzoic acid, dimethylamine salt",368,17601-49-9,Not Listed,0,Not Listed
332,"2,3,5-Triiodobenzoic acid",369,88-82-4,Not Listed,0,Not Listed
333,"2,3,5-triiodobenzoic acid, dimethylamine salt, other related",370,Not Listed,Not Listed,0,Not Listed
334,"2,3,5,6-tetrachloro-4-(methylsulfonyl) pyridine",371,13108-52-6,Not Listed,0,Microbiocide
335,"2,3,5,6-tetrachloro-4-(methylsulfonyl) pyridine, other related",372,Not Listed,Not Listed,0,Microbiocide
336,"2,3,5,6-Tetrachlorobenzoic acid, dimethylamine salt",373,7122-64-7,Not Listed,0,Not Listed
337,"2,3,5,6-tetrafluoro-4-methylbenzyl (1RS-cis-3-Z-2-chloro-3,3,3-carboxylate",374,Not Listed,Unclassified,0,Breakdown product
338,"2,3,6-TBA, dimethylamine salt",375,3426-62-8,Benzoic acid,0,Herbicide
339,"2,3,6-TBA, dimethylamine salt, other related",376,Not Listed,Benzoic acid,0,Herbicide
340,"2,3,6-Trichlorobenzoic acid, sodium salt",377,2078-42-4,Benzoic acid,0,Herbicide
341,"2,3,6-Trichlorophenylacetic acid",378,2903-64-2,"Chlorophenoxy acid, salt, or ester",0,Herbicide
342,"2,3,6-Trichlorophenylacetic acid, sodium salt",379,53404-91-4,"Chlorophenoxy acid, salt, or ester",0,Herbicide
343,"2,3(and 3,4)-Dichlorobenzyl methylcarbamates",380,62046-37-1,N-Methyl Carbamate,0,Insecticide
344,"2,4-D",381,94-75-7,"Chlorophenoxy acid, salt, or ester",221.04,"Herbicide,Plant Growth Regulator"
345,"2,4-D Amine",382,Not Listed,"Chlorophenoxy acid, salt, or ester",0,Herbicide
346,"2,4-D Ester",383,Not Listed,"Chlorophenoxy acid, salt, or ester",0,Herbicide
347,"2,4-D with 2,4,5-T",384,8015-35-8,"Chlorophenoxy acid, salt, or ester",0,Herbicide
348,"2,4-D, 2-butoxyisopropyl ester",385,3966-11-8,"Chlorophenoxy acid, salt, or ester",0,Herbicide
349,"2,4-D, 2-ethylhexyl ester",387,1928-43-4,"Chlorophenoxy acid, salt, or ester",333.26,Herbicide
350,"2,4-D, alkanolamine salts (ethanol and isopropanol amines)",388,2307-55-3,"Chlorophenoxy acid, salt, or ester",0,Herbicide
351,"2,4-D, alkyl (C12) amine salts",389,2212-54-6,"Chlorophenoxy acid, salt, or ester",0,Herbicide
352,"2,4-D, butoxy ethoxy propanol ester",390,1928-57-0,"Chlorophenoxy acid, salt, or ester",0,Herbicide
353,"2,4-D, butoxyethanol ester",391,1929-73-3,"Chlorophenoxy acid, salt, or ester, Glycol Ether",321.2,Herbicide
354,"2,4-D, butoxypropyl ester",392,1928-45-6,"Chlorophenoxy acid, salt, or ester",0,Herbicide
355,"2,4-D, butyl ester",393,94-80-4,"Chlorophenoxy acid, salt, or ester",277.16,Herbicide
356,"2,4-D, chlorocrotyl ester",394,2971-38-2,"Chlorophenoxy acid, salt, or ester",0,Herbicide
357,"2,4-D, diethanolamine salt",395,5742-19-8,"Chlorophenoxy acid, salt, or ester",326.18,Herbicide
358,"2,4-D, diethylamine salt",396,20940-37-8,"Chlorophenoxy acid, salt, or ester",280.17,Herbicide
359,"2,4-D, dimethylamine salt",397,2008-39-1,"Chlorophenoxy acid, salt, or ester",266.12,Herbicide
360,"2,4-D, heptylamine salt",398,37102-63-9,"Chlorophenoxy acid, salt, or ester",0,Herbicide
361,"2,4-D, isooctyl ester",399,"53404-37-8, 25168-26-7","Chlorophenoxy acid, salt, or ester",333.28,Herbicide
362,"2,4-D, isopropyl ester",400,94-11-1,"Chlorophenoxy acid, salt, or ester",263.12,Herbicide
363,"2,4-D, isopropylamine salt",401,5742-17-6,"Chlorophenoxy acid, salt, or ester",280.04,Herbicide
364,"2,4-D, lithium salt",402,3766-27-6,"Chlorophenoxy acid, salt, or ester",0,Herbicide
365,"2,4-D, morpholine salt",403,6365-73-7,"Chlorophenoxy acid, salt, or ester",0,Herbicide
366,"2,4-D, N-oleyl-1,3-propylenediamine salt",404,2212-59-1,"Chlorophenoxy acid, salt, or ester",0,Herbicide
367,"2,4-D, N,N-dimethyl oleyl-linoleylamine salt",405,"55256-32-1, 555256-32-1","Chlorophenoxy acid, salt, or ester",0,Herbicide
368,"2,4-D, octyl ester",406,1928-44-5,"Chlorophenoxy acid, salt, or ester",0,Herbicide
369,"2,4-D, propyl ester",407,1928-61-6,"Chlorophenoxy acid, salt, or ester",0,Herbicide
370,"2,4-D, propylene glycol butyl ether ester",408,1320-18-9,"Chlorophenoxy acid, salt, or ester",0,Herbicide
371,"2,4-D, sodium salt",409,2702-72-9,"Chlorophenoxy acid, salt, or ester",243.02,Herbicide
372,"2,4-D, tetradecylamine salt",410,28685-18-9,"Chlorophenoxy acid, salt, or ester",0,Herbicide
373,"2,4-D, triethanolamine salt",411,2569-01-9,"Chlorophenoxy acid, salt, or ester",0,Herbicide
374,"2,4-D, triethylamine salt",412,2646-78-8,"Chlorophenoxy acid, salt, or ester",0,Herbicide
375,"2,4-D, triisopropanolamine salt",413,18584-79-7,"Chlorophenoxy acid, salt, or ester",412.31,Herbicide
376,"2,4-D, triisopropylamine salt",414,Not Listed,"Chlorophenoxy acid, salt, or ester",0,Herbicide
377,"2,4-DB acid",415,94-82-6,"Chlorophenoxy acid, salt, or ester",249.1,Herbicide
378,"2,4-DB, dimethylamine salt",416,2758-42-1,"Chlorophenoxy acid, salt, or ester",293.9,Herbicide
379,"2,4-DB, isooctyl ester",417,1320-15-6,"Chlorophenoxy acid, salt, or ester",361.31,Herbicide
380,"2,4-DES",418,149-26-8,"Chlorophenoxy acid, salt, or ester",0,Herbicide
381,"2,4-Dichloro aniline",419,554-00-7,Not Listed,162.02,Not Listed
382,"2,4-Dichloro-3,5-dimethylphenol",420,133-53-9,Not Listed,0,Not Listed
383,"2,4-dichlorobenzoic acid",421,50-84-0,Unclassified,191.01,Breakdown product
384,"2,4-Dichloromandelic acid",422,Not Listed,Unclassified,0,Breakdown product
385,"2,4-dichlorophenol",423,120-83-2,Chlorinated Phenol,163,Not Listed
386,"2,4-Dichlorophenyl benzenesulfonate",424,97-16-5,Benzene sulfonate,0,Not Listed
387,"2,4-Dichlorophenylacetic acid",425,19719-28-9,Unclassified,0,Breakdown product
388,"2,4-Dichlorophenylacetonitrile (positive control substance)",426,6306-60-1,Not Listed,0,Not Listed
389,Tirpate,428,26419-73-8,N-Methyl Carbamate,0,Insecticide
390,"2,4-Dimethylcyclohexanone",429,823-55-2,Not Listed,0,Not Listed
391,"2,4-Dinitro-6-octylphenyl crotonate",430,49794-90-3,Not Listed,364.44,Not Listed
392,"2,4-Dinitroanisole",431,119-27-7,Not Listed,0,Not Listed
393,"2,4-dinitrochlorobenzene",432,97-00-7,Not Listed,202.6,Not Listed
394,"2,4-dinitrophenol",433,51-28-5,Dinitrophenol derivative,184.11,Impurity
395,"2,4-dinitrophenol, sodium salt",434,1011-73-0,Dinitrophenol derivative,0,"Breakdown product,Impurity"
396,"2,4-Dinitrophenyl thiocyanate",435,1594-56-5,Dinitrophenol derivative,0,Not Listed
397,"2,4-DP-P, dimethylamine salt",436,104786-87-0,"Chlorophenoxy acid, salt, or ester",280.2,"Herbicide,Plant Growth Regulator"
398,"2,4-DP-P, isooctyl ester",437,865363-39-9,"Chlorophenoxy acid, salt, or ester",347.3,"Herbicide,Plant Growth Regulator"
399,"2,4-DP, diethanolamine salt",438,84731-66-8,"Chlorophenoxy acid, salt, or ester",339.23,"Herbicide,Plant Growth Regulator"
400,"2,4-DP, isooctyl ester",439,28631-35-8,"Chlorophenoxy acid, salt, or ester",347.3,"Herbicide,Plant Growth Regulator"
401,"2,4-DP, triethanolamine salt",440,53404-48-1,"Chlorophenoxy acid, salt, or ester",383.28,"Herbicide,Plant Growth Regulator"
402,"2,4-DP,2-ethylhexyl ester",441,79270-78-3,"Chlorophenoxy acid, salt, or ester",347.3,"Herbicide,Plant Growth Regulator"
403,"2,4-Imidazolidinedione, 1-chloro-5-ethyl-5-methyl-",442,113796-46-6,Hydantoin,0,Not Listed
404,"2,4-pentanedione",443,123-54-6,Not Listed,100.13,Not Listed
405,"2,4-xylene sulfonic acid",444,88-61-9,Not Listed,0,Adjuvant
406,"2,4-xylenol",445,105-67-9,Phenol,122.17,"Fungicide,Microbiocide,Solvent"
407,"2,4,5-T",446,93-76-5,"Chlorophenoxy acid, salt, or ester",255.49,Herbicide
408,"2,4,5-T, 2-ethylhexyl ester",447,1928-47-8,"Chlorophenoxy acid, salt, or ester",0,Herbicide
409,"2,4,5-T, alkylamine salt",448,53535-37-8,"Chlorophenoxy acid, salt, or ester",0,Herbicide
410,"2,4,5-T, butoxyethanol ester",449,2545-59-7,"Chlorophenoxy acid, salt, or ester, Glycol Ether",0,Herbicide
411,"2,4,5-T, butyl ester",450,93-79-8,"Chlorophenoxy acid, salt, or ester",311.6,Herbicide
412,"2,4,5-T, butyric acid",451,93-80-1,"Chlorophenoxy acid, salt, or ester",0,Herbicide
413,"2,4,5-T, dimethylamine salt",452,6369-97-7,"Chlorophenoxy acid, salt, or ester",0,Herbicide
414,"2,4,5-T, dodecylamine salt",453,53404-84-5,"Chlorophenoxy acid, salt, or ester",0,Herbicide
415,"2,4,5-T, isooctyl ester",454,25168-15-4,"Chlorophenoxy acid, salt, or ester",367.72,Herbicide
416,"2,4,5-T, N-oleyl-1,3-propylenediamine salt",455,53404-87-8,"Chlorophenoxy acid, salt, or ester",0,Herbicide
417,"2,4,5-T, propylene glycol butyl ether ester",456,"1928-48-9, 7173-98-0","Chlorophenoxy acid, salt, or ester",0,Herbicide
418,"2,4,5-T, triethylamine salt",457,2008-46-0,"Chlorophenoxy acid, salt, or ester",0,Herbicide
419,"2,4,5-trichlorophenol",458,95-95-4,Chlorinated Phenol,197.46,"Algaecide,Microbiocide"
420,"2,4,5-Trichlorophenol salt of 2,6-bis((dimethylamino)methyl)cyclohexanone",459,53404-83-4,Chlorinated Phenol,0,Microbiocide
421,"2,4,5-trichlorophenol, potassium salt",460,35471-43-3,Chlorinated Phenol,0,Microbiocide
422,"2,4,5-trichlorophenol, potassium salt, other related",461,Not Listed,Chlorinated Phenol,0,Microbiocide
423,"2,4,5-Trichlorophenol, sodium salt",462,136-32-3,Chlorinated Phenol,0,"Algaecide,Microbiocide"
424,"2,4,5-trichlorophenoxyacetic acid, 2-ethyl-4-methylpentyl ester",464,69462-12-0,"Chlorophenoxy acid, salt, or ester",0,Herbicide
425,"2,4,5-trichlorophenoxyacetic acid, alkyl(C13) amine salt",465,53404-85-6,"Chlorophenoxy acid, salt, or ester",0,Herbicide
426,"2,4,5-trichlorophenoxyacetic acid, amyl ester",466,120-39-8,"Chlorophenoxy acid, salt, or ester",0,Herbicide
427,"2,4,5-trichlorophenoxyacetic acid, butoxyethoxypropanol ester",467,1928-58-1,"Chlorophenoxy acid, salt, or ester",0,Herbicide
428,"2,4,5-trichlorophenoxyacetic acid, diethylethanolamine salt",468,53404-86-7,"Chlorophenoxy acid, salt, or ester",0,Herbicide
429,"2,4,5-trichlorophenoxyacetic acid, isobutyl ester",469,4938-72-1,"Chlorophenoxy acid, salt, or ester",311.6,Herbicide
430,"2,4,5-trichlorophenoxyacetic acid, isopropyl ester",470,93-78-7,"Chlorophenoxy acid, salt, or ester",0,Herbicide
431,"2,4,5-trichlorophenoxyacetic acid, N,N-dimethyl oleyl-linoleyl amine salt",471,55256-33-2,"Chlorophenoxy acid, salt, or ester",0,Herbicide
432,"2,4,5-trichlorophenoxyacetic acid, N,N-dimethyllinoleylamine salt",472,53404-88-9,"Chlorophenoxy acid, salt, or ester",0,Herbicide
433,"2,4,5-trichlorophenoxyacetic acid, N,N-dimethyloleylamine salt",473,53404-89-0,"Chlorophenoxy acid, salt, or ester",0,Herbicide
434,"2,4,5-trichlorophenoxyacetic acid, pentyl ester",474,55491-33-3,"Chlorophenoxy acid, salt, or ester",0,Herbicide
435,"2,4,5-trichlorophenoxyacetic acid, sodium salt",475,13560-99-1,"Chlorophenoxy acid, salt, or ester",0,Herbicide
436,"2,4,5-trichlorophenoxyacetic acid, tripropylene glycol isobutyl ether ester",476,53535-32-3,"Chlorophenoxy acid, salt, or ester",0,Herbicide
437,"2,4,6-trichlorophenol",477,88-06-2,Chlorinated Phenol,197.45,Microbiocide
438,"2,4,6-Trichlorophenol, sodium salt",478,3784-03-0,Chlorinated Phenol,0,"Algaecide,Microbiocide"
439,"2,4,6-triisopropyl phenol",479,2934-07-8,Phenol,0,Not Listed
440,"2,4,7,9-tetramethyl-5-decyne-4,7-diol",480,126-86-3,Not Listed,0,Not Listed
441,"2,5-Dichloro aniline",481,"95-82-9, 27134-27-6",Unclassified,162.02,Breakdown product
442,"2,5-Dichloro-3-nitrobenzoic acid",482,88-86-8,Not Listed,0,Not Listed
443,"2,5-dichloro-alpha-(chloromethylene)benzyl diethyl phosphate",483,2701-86-2,Organophosphorus,0,Insecticide
444,"2,5-dichloro-alpha-(dichloromethylene)benzyl diethyl phosphate",484,5723-62-6,Organophosphorus,0,Insecticide
445,"2,5-Dichlorobenzoic acid",485,50-79-3,Benzoic acid,191.01,Fungicide
446,"2,5-Dichlorobenzoic acid methyl ester",486,2905-69-3,Benzoic acid,205.04,Fungicide
447,"2,6-bis ((dimethyl amino) methyl) cyclohexanone",487,2478-21-9,Not Listed,0,Not Listed
448,"2,6-bis (1-methyl heptadecyl)-p-cresol",488,5012-62-4,Phenol,0,Microbiocide
449,"2,6-Bis(3,4-(methylenedioxy)phenyl)-3,7-dioxabicyclo(3.3.0)octane",489,7076-24-6,Not Listed,0,Not Listed
450,"2,6-Dichloro aniline",490,608-31-1,Not Listed,162.02,Not Listed
451,"2,6-Dichlorobenzamide",492,2008-58-4,Substituted Benzene,190.03,Breakdown product
452,"2,6-Dicyano-3,4,5-trichloropyridine",493,17824-85-0,Not Listed,0,Not Listed
453,"2,6-Diethylaniline",494,579-66-8,Not Listed,0,Breakdown product
454,"2,6-Difluorobenzoic acid",495,385-00-2,Unclassified,158,Breakdown product
455,"2,6-dimethyl-2-octen-8-yl-n-butyrate",496,141-16-2,Not Listed,0,Not Listed
456,"2,6-Dimethylaniline",497,87-62-7,Not Listed,121.2,"Breakdown product,Chemical intermediate,Drug,Dye,Metabolite,Tobacco smoke component"
457,"2,6-dinitro-4-octylphenyl crotonate",498,49794-91-4,Not Listed,364.39,Not Listed
458,"2,6-dinitrochlorobenzene",499,606-21-3,Not Listed,0,Not Listed
459,"2,6-dinitrophenol, sodium salt",500,32581-06-9,Dinitrophenol derivative,0,Impurity
460,"2,6,8-trimethyl-4-nonanol",501,123-17-1,Alcohol/Ether,0,Adjuvant
461,"2,6,8-trimethyl-4-nonyloxy polyethylene oxyethanol",502,Not Listed,Polyalkyloxy Compound,0,Adjuvant
462,"2'-Hydroxyethyl-2,3-dibromopropionate",503,68479-77-6,Not Listed,0,Not Listed
463,"2(2,2-Difluoroethoxy)-6-(trifluoromethyl)benzenesulfonic acid (metabolite of penoxsulam)",505,Not Listed,Unclassified,0,Breakdown product
464,"3-(((3,5-Dimethylcyclohexyl)carbonyl)methyl)glutarimide",506,363-27-9,Not Listed,0,Not Listed
465,"3-(2-(3,5-Dimethyl-2-oxocyclohexylidene)ethyl)glutarimide",507,368-19-4,Not Listed,0,Not Listed
466,"3-(2-Chloro-thiazol-5-ylmethyl)-5-methyl-[1,3,5]oxadiazinan-4-ylidene=",508,Not Listed,Not Listed,0,Insecticide
467,"3-(2-Hydroxy-2-(2-hydroxy-3,5-dimethylcyclohexyl)ethyl)glutarimide",509,83542-85-2,Not Listed,0,Not Listed
468,"3-(2,4-Dichlorophenyl)-2-oxo-1-oxaspiro[4.5]dec-3-en-4-yl ester 2,2-dimethyl-butanoic",510,Not Listed,Unclassified,0,Breakdown product
469,"3-(2,4-Dichlorophenyl)-3-hydroxy-1-oxaspiro(4,5)decane-2,4-dione",511,Not Listed,Unclassified,0,Breakdown product
470,"3-(2,4-Dichlorophenyl)-4,8-dihydroxy-1-oxaspiro[4,5]dec-3-en-2-one (metabolite of spiridaclofen)",512,Not Listed,Unclassified,0,Breakdown product
471,"3-(3-hydroxypropyl)-heptamethyl trisiloxane, ethoxylated, acetate",513,Not Listed,Silicone,0,Adjuvant
472,3-(5-Nitrofurfurylideneamine)-2-oxazolinone (Not subject to FIFRA : 8709-E PM 24),515,Not Listed,Not Listed,0,Not Listed
473,"3-(chloromethyl)-4-ketobenz-1,2,3-triazine (as impurity)",516,24310-41-6,Triazine,0,Impurity
474,3-(Formylmethyl)glutarimide,517,69632-95-7,Not Listed,0,Not Listed
475,"3-(Hydroxymercuri)-4-nitro-o-phenol, sodium salt",518,53404-55-0,"Organomercury, Heavy metal",0,Microbiocide
476,"3-(Hydroxymethyl)-4-ketobenz-1,2,3-triazine (as impurity)",519,24310-40-5,Triazine,0,Impurity
477,3-(Trifluoromethyl)phenyl urea,520,13114-87-9,Urea,0,Breakdown product
478,3-(trimethoxysilyl) propyl dimethyl octadecyl ammonium chloride,521,27668-52-6,Quaternary Ammonium Compound,0,Microbiocide
479,"3-[[[2-(2,2-Difluoroethoxy)-6-(trifluoromethyl)phenyl]sulfonyl]amino]-1H-1,2,4-",522,Not Listed,Not Listed,0,Breakdown product
480,"3-Acetyl-2-(2,6-dimethyl-5-heptenyl)oxazolidine",523,39785-81-4,Methyloxazolidine,0,Microbiocide
481,3-alkoxy (C12-C15)-2-hydroxypropyl trimethyl ammonium chloride,524,68187-63-3,Quaternary Ammonium Compound,0,Not Listed
482,3-Bromo-1-chloro-5-ethyl-5-methylhydantoin,525,100245-65-6,Hydantoin,255.497,Not Listed
483,"3-Bromo-1-chloro-5,5-dimethylhydantoin",526,126-06-7,Hydantoin,241.47,"Fungicide,Herbicide,Microbiocide"
484,"3-Butenal, 2-methyl-4-(2,6,6-trimethyl-1-cyclohexen-1-yl)-",527,32791-31-4,Not Listed,0,Not Listed
485,"3-Carbamyl-2,4,6-trichlorobenzoic acid",529,83871-85-6,Not Listed,0,Not Listed
486,"3-chloro-2-biphenylol, sodium salt",530,10605-11-5,Chlorinated Phenol,0,Microbiocide
487,3-chloro-2-methyl propene,531,563-47-3,Halogenated organic,90.55,Not Listed
488,3-Chloro-p-toluidine,532,95-74-9,Aromatic amine,141.6,Not Listed
489,3-chloro-p-toluidine hydrochloride,534,7745-89-3,Aromatic amine,0,Avicide
490,3-Chloroacrylic acid,535,"1609-93-4, 625-40-1, 629-40-1",Not Listed,106.51,Not Listed
491,3-Chloroallyl alcohol,536,29560-84-7,Not Listed,92.52,Breakdown product
492,3-chlorophenoxy-alpha-propionamide,537,5825-87-6,"Chlorophenoxy acid, salt, or ester",0,"Herbicide,Plant Growth Regulator"
493,3-chloropropyl octyl sulfoxide,538,3569-57-1,Not Listed,0,Not Listed
494,3-CPA,539,101-10-0,"Chlorophenoxy acid, salt, or ester",200.62,"Herbicide,Plant Growth Regulator"
495,3-Ethoxypropyl ester of oleic acid,540,69632-99-1,Fatty acid ester,0,Adjuvant
496,(3-Ethoxypropyl)mercury bromide,541,6012-84-6,"Organomercury, Heavy metal",0,Fungicide
497,"3-Glucosyl-5-trifluoromethyl-1,3,4-thiadiazol-2(3H)-one (Metabolite of Flufenacet)",542,Not Listed,Unclassified,0,Breakdown product
498,(3-Hydroxy-2-methoxypropyl)mercuric acetate,543,69653-69-6,"Organomercury, Heavy metal",0,Not Listed
499,3-hydroxycarbofuran,544,16655-82-6,N-Methyl Carbamate,237.25,Breakdown product
500,"3-Hydroxymethyl-5,5-dimethyl hydantoin",545,Not Listed,Hydantoin,0,Fungicide
501,3-iodo-2-propynyl butyl carbamate,546,55406-53-6,Other Carbamate,0,"Fungicide,Wood Preservative"
502,3-ketocarbofuran,548,16709-30-1,N-Methyl Carbamate,235.24,Breakdown product
503,3-ketocarbofuran phenol,549,17781-16-7,Not Listed,0,Breakdown product
504,3-Ketopetromyzonol sulfate,550,Not Listed,Not Listed,0,Breakdown product
505,3-Methyl-2-butanone,551,563-80-4,Not Listed,86.13,Solvent
506,3-Methyl-2-cyclohexen-1-one,552,1193-18-6,Pheromone,0,"Insect Repellent,Pheromone"
507,3-phenoxybenzaldehyde,553,39515-51-0,Not Listed,0,Not Listed
508,3-phenoxybenzoic acid,554,3739-38-6,Benzoic acid,214.22,Breakdown product
509,3-phenoxybenzyl alcohol,555,13826-35-2,Alcohol/Ether,0,Not Listed
510,3-Trifluoromethyl aniline,556,98-16-8,Not Listed,161.14,Breakdown product
511,3-Trifluoromethyl-4-nitrophenol,557,88-30-2,Not Listed,0,"Breakdown product,Piscicide"
512,"3,3-dimethyl-2-methylene norcamphene",558,Not Listed,Not Listed,0,Not Listed
513,"3,3,4-Trimethyloxazolidine mixt. with 4,4-dimethyloxazolidine",559,81099-36-7,Methyloxazolidine,0,Microbiocide
514,"3,3,4,4-tetrachloro tetrahydro thiophene 1,1-dioxide",560,3737-41-5,Not Listed,0,Microbiocide
515,"3,3,4,4-tetrachlorotetrahydrothiophene 1,1-dioxide, other related",561,Not Listed,Not Listed,0,Microbiocide
516,"3,3,5-trimethyl cyclohexanol",562,116-02-9,Alcohol/Ether,0,Not Listed
517,"3,3'-Dichloro-5,5'-dinitro-(1,1'-biphenyl)-2,2'-diol",563,"15595-24-1, 63992-31-4",Dinitrophenol derivative,0,Not Listed
518,"3,3'-Iminodipropionitrile",564,111-94-4,Not Listed,123.18,Not Listed
519,"3,3',4',5-Tetrachloro-2-(N-methylmethanesulfonamide)benzanilide",565,83542-66-9,Not Listed,0,Not Listed
520,"3,3',4',5-Tetrachlorosalicylanilide",566,1154-59-2,Not Listed,0,Not Listed
521,"3,4-dichloro aniline",567,95-76-1,Not Listed,0,Breakdown product
522,"3,4-Dichloro-5-isothiazolecarboxylic acid",568,18480-53-0,Not Listed,0,Microbiocide
523,"3,4-Dichlorobenzyl methylcarbamate",569,2328-31-6,N-Methyl Carbamate,0,Insecticide
524,"3,4-Dichloromethylphenyl urea",570,Not Listed,Urea,0,Breakdown product
525,"3,4-Dichlorophenyl urea",571,2327-02-8,Urea,205.04,Breakdown product
526,"3,4-dihydro-2H-pyran",572,110-87-2,Not Listed,0,Not Listed
527,"3,4,4-trimethyl oxazolidine",573,75673-43-7,Methyloxazolidine,0,Microbiocide
528,"3,4,5-tribromo salicylanilide, other related",574,Not Listed,Anilide,0,Microbiocide
529,"3,4,5-Tribromo-N,N,a-trimethylpyrazole-1-acetamide",575,34157-48-7,Not Listed,0,Not Listed
530,"3,5-dibromosalicylanilide",576,2577-72-2,Anilide,0,Microbiocide
531,"3,5-Dichloroaniline",577,626-43-7,Unclassified,0,Breakdown product
532,"3,5-dichlorobenzoic acid",578,51-36-5,Benzoic acid,0,Not Listed
533,"3,5-Diisopropylphenyl methylcarbamate",579,330-64-3,N-Methyl Carbamate,0,Insecticide
534,"3,5-dimethyl-1-hexyl-3-ol",580,107-54-0,Not Listed,0,Not Listed
535,"3,5,6-Trichloro-2-pyridinol",581,6515-38-4,Unclassified,198.43,Breakdown product
536,"3,6-dimethyl-4-octyne-3,6-diol",582,78-66-0,Not Listed,0,Not Listed
537,"3,7-dimethyl-6-octen-1-ol acetate",583,150-84-5,Botanical,0,Insect Repellent
538,3'-chlorobenzanilide,584,6004-21-3,Not Listed,0,Not Listed
539,"3',6'-Dihydro-2',4',5',7'-tetraiodospiro(isobenzofuran-1(3H),9'-(9H)xanthen)-3-one",585,15905-32-5,Unclassified,0,Dye
540,"3(2H)-chloro-2-methyl-3(2H)-isothiazolone, calcium chloride complex",586,57373-19-0,Isothiazolone,0,Microbiocide
541,"3(2H)-Pyridazinone, 5-amino-4-chloro-2-methyl-",587,17254-80-7,Pyridazinone,0,Breakdown product
542,3(S)-Methyl-6-isopropenyl-9-dodecadien-1yl acetate,588,Not Listed,Pheromone,0,Pheromone
543,4 &amp; 6 - chloro-2-phenylphenol,590,Not Listed,Chlorinated Phenol,0,Microbiocide
544,"4 &amp; 6 - chloro-2-phenylphenol, potassium salts, mixed",591,Not Listed,Chlorinated Phenol,0,Microbiocide
545,"4 &amp; 6 - chloro-2-phenylphenol, sodium salts, mixed",592,Not Listed,Chlorinated Phenol,0,Microbiocide
546,"4 &amp; 6-chloro-2-phenylphenol, other related",593,Not Listed,Chlorinated Phenol,0,Microbiocide
547,4 or 6-chloro-2-phenylphenol,594,53537-62-5,Chlorinated Phenol,0,Microbiocide
548,"4 or 6-chloro-2-phenylphenol, diethanolamine salt",595,53537-63-6,Chlorinated Phenol,0,Microbiocide
549,4-(((Dimethylamino)methylene)amino)-m-tolyl methylcarbamate,596,17702-57-7,N-Methyl Carbamate,0,Insecticide
550,"4-(1,1-dimethyl ethyl) phenoxy poly (ethyleneoxy) ethyl phosphate",597,68332-64-9,Not Listed,0,"Adjuvant,Soap or Surfactant"
551,4-(2-nitrobutyl) morpholine,599,2224-44-4,Morpholine,188.22,Microbiocide
552,"4-(2,4-DB), butoxyethanol ester",600,32357-46-3,"Chlorophenoxy acid, salt, or ester, Glycol Ether",0,Herbicide
553,4-(4-(tert-Butylphenyl)-2-nitrobutyl)phenyl ethyl ether,601,69815-48-1,Not Listed,0,Not Listed
554,4-(4-Chloro-2-cyano-1H-imidazol-5-yl)benzoic acid,602,Not Listed,Azole,0,Breakdown product
555,"4-(Dimethylamino)-3,5-xylenol",603,6120-10-1,Not Listed,0,Not Listed
556,"4-(Methylamino)-3,5-xylyl methylcarbamate",604,10389-50-1,N-Methyl Carbamate,0,Insecticide
557,"4-(Methylformamido)-3,5-xylyl methylcarbamate",605,10233-94-0,N-Methyl Carbamate,0,Insecticide
558,"4-(Methylsulfinyl)-3,5-xylenol",606,22454-92-8,Not Listed,0,Not Listed
559,"4-(Methylsulfonyl)-3,5-xylenol",607,14763-62-3,Not Listed,0,Not Listed
560,"4-(Methylthio)-3,5-xylenol",608,7379-51-3,Not Listed,0,Not Listed
561,4-(Methylthio)-m-tolyl methylcarbamate,609,3566-00-5,N-Methyl Carbamate,0,Insecticide
562,4-(p-acetoxyphenyl)-2-butanone,610,3572-06-3,Pheromone,0,Pheromone
563,4-(p-methoxyphenyl)-3-buten-2-one,611,943-88-4,Not Listed,0,Not Listed
564,4-Allyl anisole,615,140-67-0,Not Listed,148.22,Not Listed
565,4-Amino-2-chloro-6-ethylamino-s-triazine,616,1007-28-9,Triazine,0,Breakdown product
566,"4-Amino-3,5-xylyl methylcarbamate",617,831-76-5,N-Methyl Carbamate,0,Insecticide
567,4-aminopyridine,618,504-24-5,Unclassified,94.12,Avicide
568,4-Bromoacetoxymethyl-m-dioxolane,619,5137-36-0,Not Listed,0,Not Listed
569,"4-chloro-2-cyclopentyl phenol, potassium salt",620,35471-38-6,Chlorinated Phenol,0,"Fungicide,Microbiocide"
570,4-chloro-2-cyclopentylphenol,621,13347-42-7,Chlorinated Phenol,0,"Fungicide,Microbiocide"
571,4-chloro-2-methyl anisole,622,3260-85-3,Not Listed,0,Not Listed
572,4-chloro-2-n-octyl-3(2H)-isothiazolone,624,64359-80-4,Isothiazolone,0,Microbiocide
573,4-chloro-2-phenylphenol,625,607-12-5,Chlorinated Phenol,0,Microbiocide
574,"4-chloro-2-phenylphenol, potassium salt",626,53404-21-0,Chlorinated Phenol,0,Microbiocide
575,"4-chloro-2-phenylphenol, sodium salt",627,10605-10-4,Chlorinated Phenol,0,Microbiocide
576,4-Chloro-5-(4-methylphenyl)-1H-imidazole-2-carbonitrile,628,120118-14-1,Azole,0,Breakdown product
577,4-Chloro-5-(4-methylphenyl)-1H-imidazole-2-carboxamide (A metabolite of,629,Not Listed,Azole,0,Breakdown product
578,4-Chloro-5-(4-methylphenyl)-1H-imidazole-2-carboxylic acid,630,Not Listed,Azole,0,Breakdown product
579,"4-chloro-cyclopentylphenol, sodium salt",631,53404-20-9,Chlorinated Phenol,0,"Fungicide,Microbiocide"
580,"4-chlorophenoxyacetic acid, sodium salt",633,13730-98-8,"Chlorophenoxy acid, salt, or ester",0,Plant Growth Regulator
581,4-chloropyridine N-oxide,634,1121-76-2,Not Listed,0,Not Listed
582,4-CLOC,635,Not Listed,Not Listed,0,Not Listed
583,4-CPA,636,122-88-3,"Chlorophenoxy acid, salt, or ester",186.59,Plant Growth Regulator
584,"4-CPA, diethanolamine salt",637,53404-23-2,"Chlorophenoxy acid, salt, or ester",0,Plant Growth Regulator
585,4-Dichloroaminobenzenesulfonic acid,639,"24894-89-1, 8494-89-1",Not Listed,0,Not Listed
586,4-Ethyl-4-hydroxymethyloxazolidine (impurity; not cleared as inert),640,Not Listed,Methyloxazolidine,0,Impurity
587,4-Ethyloxazolidine (impurity; not cleared as inert),641,53019-53-7,Methyloxazolidine,0,Impurity
588,4-Hexylresorcinol,643,136-77-6,Phenol,194.27,Not Listed
589,4-hydroxy benzoic acid,644,99-96-7,Benzoic acid,0,Not Listed
590,4-Hydroxy molinate,645,Not Listed,Unclassified,0,Breakdown product
591,"4-hydroxy-2,5-dimethyl-3-(2H)furanone",646,3658-77-3,Not Listed,0,Insecticide
592,4-Hydroxybutyric acid,647,591-81-1,Unclassified,0,Not Listed
593,4-hydroxydiphenylamine,648,122-37-2,Unclassified,0,Breakdown product
594,4-Hydroxymethyl pendimethalin,649,Not Listed,"2,6-Dinitroaniline",0,Breakdown product
595,"4-Indanol, 7-chloro-",650,145-94-8,Not Listed,0,Not Listed
596,4-Methoxybenzeneethanol,651,702-23-8,Not Listed,0,Not Listed
597,4-Methyl-2-pentanol,652,108-11-2,Alcohol/Ether,102.2,Not Listed
598,4-Methyl-3-heptanol,653,14979-39-6,Pheromone,0,Pheromone
599,4-Methyl-4-ethyloxazolidine (impurity; not cleared as inert),654,Not Listed,Methyloxazolidine,0,Impurity
600,4-Nitroperoxybenzoic acid,655,943-39-5,Not Listed,0,Not Listed
601,4-Nitropyridine N-oxide,656,1124-33-0,Not Listed,0,Breakdown product
602,4-Nitroquinoline-1-oxide,657,Not Listed,Unclassified,0,Not Listed
603,"4-nonyl phenoxy poly (ethylene oxy) ethyl phosphate, magnesium salt",658,Not Listed,Polyalkyloxy Compound,0,"Adjuvant,Soap or Surfactant"
604,4-Octylresorcinol,659,6565-70-4,Phenol,0,Not Listed
605,"4-Phenyl-3H-1,2-dithiole-3-thione",660,3354-37-8,Not Listed,0,Not Listed
606,4-Trifluoromethylnicotinamide (metabolite for Flonicamid),661,Not Listed,Unclassified,0,Breakdown product
607,4-Trifluoromethylnicotinic acid (metabolite of Flonicamid),662,158063-66-2,Unclassified,0,Breakdown product
608,"4,4-(2-ethyl-2-nitrotrimethylene) dimorpholine",663,1854-23-5,Morpholine,475.59,Microbiocide
609,"4,4-dimethyl oxazolidine",664,51200-87-4,Methyloxazolidine,0,"Impurity,Microbiocide"
610,"4,4-dimethyl-2-oxazolidinone",665,26654-39-7,Methyloxazolidine,0,Microbiocide
611,"4,4'-Dichlorobenzophenone",666,90-98-2,Unclassified,0,Breakdown product
612,"4,5-dibromosalicylanilide",667,87-12-7,Not Listed,0,Microbiocide
613,"4,5-dichloro-2-n-octyl-3(2H)-isothiazolone",668,64359-81-5,Isothiazolone,0,"Antifoulant,Microbiocide"
614,"4,5,6,7,8,8-hexachloro-2,3,3a,7,7a-hexahydro-4,7-methano benzofuran",669,Not Listed,Not Listed,0,Not Listed
615,"4,6-Bis(amino)-2-chloro-s-triazine",670,3397-62-4,Triazine,145.55,Breakdown product
616,"4,6-dichloro-2-phenylphenol",671,5335-24-0,Chlorinated Phenol,0,Microbiocide
617,"4,6-dichloro-2-phenylphenol, potassium salt",672,53404-30-1,Chlorinated Phenol,0,Microbiocide
618,"4,6-Dimethoxy-2-pyrimidinamine",673,36315-01-2,Not Listed,155.16,Not Listed
619,"4,6-dimethyl-2-(phenylamino)-5-pyrimidinol (metabolite of pyrimethanil)",674,Not Listed,Unclassified,0,Breakdown product
620,"4,6-Dimethylpyrimidine-2-amine (Metabolite of pyrimethanil)",675,Not Listed,Unclassified,0,Breakdown product
621,"4,6-Dinitro-2-cyclohexylphenol, 2-((2-aminoethyl)amino)ethanol salt",676,69632-97-9,Dinitrophenol derivative,0,Not Listed
622,"4,6-Dinitro-2-cyclohexylphenol, dicyclohexylamine salt",677,317-83-9,Dinitrophenol derivative,0,Not Listed
623,"4,6-Dinitro-2-cyclohexylphenol, triethanolamine salt",678,69632-98-0,Dinitrophenol derivative,0,Not Listed
624,"4,8-Dimethyldecanal",679,75983-36-7,Pheromone,0,Pheromone
625,4'-hydroxy-m-phenoxy benzoic acid,680,35065-12-4,Benzoic acid,230.22,"Fungicide,Microbiocide"
626,"4[(4,6-dimethyl-2-pyrimidinyl)amino]phenol (Metabolite of pyrimethanil)",682,Not Listed,Unclassified,0,Breakdown product
627,"(4E-7Z)-4,7-Tridecadien-1-yl-acetate",683,Not Listed,Pheromone,0,Pheromone
628,"(4Z-9Z)-7,9-Dodecadien-1-ol",684,Not Listed,Pheromone,0,Pheromone
629,"5-(4-chlorophenyl-2,3-diphenylthiophene",685,65691-00-1,Not Listed,0,Not Listed
630,Desulfinyl fipronil amide,688,Not Listed,Not Listed,0,Breakdown product
631,Fipronil desulfinyl,689,111246-15-2,Not Listed,0,Herbicide
632,"5-Amino-3-cyano-1-(2,6-dichloro-4-trifluoromethylphenyl)pyrazole-4-sulfonic acid, potassium salt",690,Not Listed,Not Listed,0,Herbicide
633,"5-Benzyl-3-furylmethyl (+)-cis-(1R,3S,E)2,2-dimethyl-3-(2-oxo-2,3,4,5-tetrahydrothiophenylidenemethyl)cyclopropanecarboxylate",692,58769-20-3,Pyrethroid,0,Insecticide
634,"5-Bromo-2-methyl-5-nitro-1,3-dioxane",693,53983-00-9,Not Listed,0,Microbiocide
635,"5-chloro-2-((4-chlorophenyl)methyl)-3(2H)-isothiazolone, compd. With 2-((4-chlorophenyl)methyl)-3(2h)-isothiazolone (1:1)",695,83542-80-7,Isothiazolone,0,Microbiocide
636,5-chloro-2-(4-chlorophenylmethyl)-3(2H)-isothiazolone,696,66159-95-3,Isothiazolone,0,Microbiocide
637,5-Chloro-2-mercaptobenzothiazole,697,5331-91-9,Mercaptobenzothiazole,0,Not Listed
638,"5-Chloro-2-mercaptobenzothiazole, lauryl pyridinium salt",698,5406-97-3,Mercaptobenzothiazole,0,"Fungicide,Microbiocide"
639,"5-Chloro-2-mercaptobenzothiazole, zinc salt",699,53404-93-6,"Mercaptobenzothiazole, Inorganic-Zinc",0,"Fungicide,Microbiocide"
640,5-chloro-2-methyl-4-isothiazolin-3-one,700,26172-55-4,Isothiazolone,149.599,Microbiocide
641,5-chloro-2-methyl-4-isothiazolin-3-one calcium chloride with 2-methyl-4-isothazolin-3-one calcium chloride,701,55965-87-2,Isothiazolone,0,Microbiocide
642,"5-Chloro-3-hydroxy-1-isopropyl-1H-1,2,4-triazole",702,Not Listed,Not Listed,0,Breakdown product
643,5-chloro-3-methyl-4-nitro-1H-pyrazole,703,6814-58-0,Not Listed,0,Not Listed
644,"5-chloro-4-phenyl-3H-1,2-dithiol-3-one",704,2425-05-0,Not Listed,0,Not Listed
645,"5-chloro-alpha,alpha-bis(3,5-dichloro-2-hydroxyphenyl)-2-toluenesulfonic acid, sodium salt",705,4430-22-2,Not Listed,0,Not Listed
646,5-chlorosalicylanilide,706,4638-48-6,Not Listed,0,Not Listed
647,"5-hydroxy methoxy methyl-1-aza-3,7-dioxabicyclo (3.3.0) octane",707,59720-42-2,Unclassified,170.5,Microbiocide
648,"5-Hydroxy-2-benzimidazolecarbamic acid, methyl ester",708,22769-68-2,Not Listed,0,Not Listed
649,5-hydroxy-dicamba,709,Not Listed,Benzoic acid,0,Breakdown product
650,"5-hydroxymethyl-1-aza-3,7-dioxabicyclo (3.3.0) octane",710,6542-37-6,Unclassified,216.36,Microbiocide
651,"5-hydroxypoly (methyleneoxy) (74%C2, 21%C3, 4%C4, 1%C5) methyl-1-aza-3,7-dioxabicyclo (3.3.0) octane",711,56709-13-8,Unclassified,170.5,Microbiocide
652,5-methyl-2-hexanone,712,110-12-3,Unclassified,114.2,Not Listed
653,"5-tert-butyl-2-[2-(2,6-difluorophenyl)-1,3-oxazol-4-yl] phenetole",713,Not Listed,Unclassified,0,Breakdown product
654,"5,4-dibromosalicylanilide",714,Not Listed,Anilide,0,Microbiocide
655,"5,5-Dimethyl-3-((trichloromethyl)thio)hydantion",715,3204-37-3,Hydantoin,0,Not Listed
656,"5,5-Dimethylhydantoin",716,77-71-4,Hydantoin,0,Breakdown product
657,"5,5'-Dichloro-3,3'-dinitro-(1,1'-biphenyl)-2,2'-diol",717,10331-57-4,Dinitrophenol derivative,0,Not Listed
658,"5,6,7,8-Tetrahydro-1-naphthyl methylcarbamate",718,1136-84-1,N-Methyl Carbamate,0,Insecticide
659,"5,7-Diiodo-8-quinolinol",719,83-73-8,Not Listed,0,Not Listed
660,"5,8-Dimethoxy[1,2,4]triazolo[1,5-c]pyrimidin-2-amine (metabolite of penoxsulam)",720,Not Listed,Unclassified,0,Breakdown product
661,"(5,8-Dimethoxy[1,2,4]triazolo[1,5-c]pyrimidin-2-yl)sulfamic acid,triethylamine salt",721,Not Listed,Not Listed,0,Breakdown product
662,"5,9-Dimethylpentadecane",722,119163-96-1,Pheromone,0,Pheromone
663,"6-(and 2)-chloro-3,4-xylyl methylcarbamate",723,"8063-85-2, 53537-61-4",N-Methyl Carbamate,0,Insecticide
664,6-chloro-2-phenylphenol,724,85-97-2,Chlorinated Phenol,0,Microbiocide
665,"6-chloro-2-phenylphenol, potassium salt",725,18128-17-1,Chlorinated Phenol,0,Microbiocide
666,"6-chloro-2-phenylphenol, sodium salt",726,63992-41-6,Chlorinated Phenol,0,Not Listed
667,"6-chloro-N4-(1-methylethyl)-2,4-pyrimidinediamine",727,30182-24-2,Not Listed,0,Not Listed
668,6-chloropicolinic acid,728,4684-94-0,Pyridinecarboxylic acid,0,Herbicide
669,"6-chloropiperonyl 2,2-dimethyl-3-(2-methylpropenyl)cyclopropanecarboxylate",729,70-43-9,Pyrethroid,0,Insecticide
670,6-chlorothymol,730,89-68-9,Chlorinated Phenol,0,Not Listed
671,6-Hydroxy-4-trifluoromethylnicotinic acid (metaboilite of Flonicamid),731,Not Listed,Unclassified,0,Breakdown product
672,"6-hydroxy-5-((p-sulfophenyl) azo-2-naphthalene sulfonic acid,",732,2783-94-0,Not Listed,452.37,Not Listed
673,Pyramat,733,2532-49-2,Other Carbamate,0,Insecticide
674,"6-Methyl-2,3-quinoxalinedithiol",734,25625-62-1,Not Listed,0,Not Listed
675,6-tert-Butyl-4-chloro-m-cresol,735,30894-16-7,Chlorinated Phenol,0,Microbiocide
676,"6,6'-Dichloro-4,4'-dinitro-(1,1'-biphenyl)-2,2'-diol",736,21832-25-7,Dinitrophenol derivative,0,Not Listed
677,"6,7-Epoxy-3-ethyl-1-(4-ethylphenoxy)-7-methylnonane, (cis/trans)",737,"57342-02-6, 64165-20-4",Not Listed,0,Insect Growth Regulator
678,"6,7,8,9,10,10-Hexachloro-1,5,5a,6,9,9a-hexahydro-3-methyl-6,9-methano-2,4-benzodioxepin",738,2592-62-3,Not Listed,0,Not Listed
679,"6'-Chlorospiro[cyclohexane-1,2'(3'H)-furo[2,3-b]benzofuran]-3'-one",739,Not Listed,Unclassified,0,Breakdown product
680,7-(diethyl amino)-4-methyl coumarin,740,91-44-1,Coumarin,231.3,Rodenticide
681,7-Bromo-5-chloro-8-quinolinyl 2-propenoate,741,34462-96-9,Not Listed,0,Not Listed
682,"7,11-hexadecadien-1-ol, acetate",742,50933-33-0,Pheromone,280.45,Pheromone
683,"7,8-Epoxi-2-methyl-octadecane",743,Not Listed,Pheromone,0,Pheromone
684,(7S)-Hydroprene,744,65733-18-8,Juvenile hormone mimic,0,Insect Growth Regulator
685,"8-dodecene-1-ol, other related",746,Not Listed,Pheromone,0,Pheromone
686,8-Hydroxyquinoline,747,148-24-3,Quinoline,145.16,"Fungicide,Microbiocide"
687,8-Hydroxyquinoline benzoate,748,7091-57-8,Quinoline,0,"Fungicide,Microbiocide"
688,8-Hydroxyquinoline citrate,749,134-30-5,Quinoline,0,"Fungicide,Microbiocide"
689,8-Hydroxyquinoline sulfate,750,134-31-6,Quinoline,388.42,"Fungicide,Microbiocide"
690,"8,9-Dihydro-N-(phenylmethyl)-9-tetrahydro-2H-pyran-2-yl)-7H-purin-6-amine",751,69152-46-1,Not Listed,0,Not Listed
691,9-(4-Hexyloxyphenyl)-10-methylacridinium chloride,752,3131-08-6,Not Listed,0,Not Listed
692,"9-Decen-1-ol, 3-methyl-6-(1-methylethenyl)- acetate, (3S,6S)-",753,67601-10-9,Pheromone,0,Pheromone
693,"9-Decen-1-ol, 3-methyl-6-(1-methylethenyl)-, acetate. (3S,6R)-",754,67601-06-3,Pheromone,0,Pheromone
694,"9-Octadecenoic acid, (Z)-, sulfonated, potassium salt",755,68609-93-8,Soap,0,Adjuvant
695,"9-tetradecen-1-ol, formate, (Z)-",756,56218-79-2,Pheromone,0,Pheromone
696,"A herbal extract containing diallyl disulphide, Allyl propyl disulphide and Allyl isothiocyanate, diallyl disulphide, Allyl prop",757,Not Listed,Botanical,0,Not Listed
697,"a-(p-(1,1,3,3-tetramethyl butyl) phenyl)-omega-hydroxy polyoxide",758,Not Listed,Polyalkyloxy Compound,0,Adjuvant
698,a-(p-nonylphenyl)-omega-hydroxypoly (oxyethylene) with an average of 4.2 moles of ethylene oxide.the nonyl group is a propylene,759,Not Listed,Polyalkyloxy Compound,0,Microbiocide
699,a-(p-nonylphenyl)-omega-hydroxypoly (oxyethylene) with an averageof 9-10 moles of ethylene oxide,760,Not Listed,Polyalkyloxy Compound,0,Adjuvant
700,Aatram (propachlor with atrazine) (019101+080803),761,8070-76-6,"Triazine, Chloroacetanilide",0,Herbicide
701,Abietic acid,762,"514-31-3, 514-10-3",Not Listed,0,Not Listed
702,Abietic anhydride,763,19897-44-0,Anhydride,0,Not Listed
703,Abietylamine,764,47117-16-8,Not Listed,0,"Fungicide,Microbiocide"
704,Abscisic acid,765,21293-29-8,Botanical,0,Plant Growth Regulator
705,Acacia,766,9000-01-5,Botanical,240,Not Listed
706,Accurel polypropylene,767,Not Listed,Not Listed,0,Adjuvant
707,Acenaphthene,768,"83-32-9, 83-82-9",Not Listed,154.21,Not Listed
708,Acephate,769,"30560-19-1, 115096-11-2",Organophosphorus,183.17,Insecticide
709,Acequinocyl,770,57960-19-7,Unclassified,384.51,Insecticide
710,Acequinocyl-OH (Metabolite of acequinocyl),771,57960-31-3,Unclassified,342.47,Breakdown product
711,Acetaldehyde,772,75-07-0,Unclassified,44.06,"Chemical intermediate,Combustion byproduct,Metabolite,Tobacco smoke component"
712,"Acetaldehyde,(3,3-dimethylcyclohexylidene)-,(E)",773,26532-25-2,Pheromone,0,Pheromone
713,Acetalized polyvinyl alcohol complexed with iodine,774,Not Listed,Iodine Compound,0,Microbiocide
714,Acetamide,775,60-35-5,Not Listed,59.07,"Chemical intermediate,Electronics production,Polymer production,Solvent"
715,Acetaminophen,776,103-90-2,Not Listed,151.16,Not Listed
716,Acetamiprid,777,135410-20-7,Neonicotinoid,222.67,Insecticide
717,Acethion,778,919-54-0,Organophosphorus,272.32,Insecticide
718,Acetic acid,779,"64-19-7, 8028-52-2",Carboxylic acid or salt,60.05,"Fungicide,Herbicide,Microbiocide,pH Adjustment"
719,"Acetic acid, sodium salt (2:1)",780,126-96-5,Carboxylic acid or salt,0,"Fungicide,Microbiocide,pH Adjustment"
720,Acetic anhydride,781,108-24-7,Anhydride,102.09,Not Listed
721,Acetochlor,782,34256-82-1,Chloroacetanilide,269.77,Herbicide
722,Acetochlor ethanesulfonic acid,784,187022-11-3,Not Listed,0,Breakdown product
723,Acetochlor oxanilic acid,785,194992-44-4,Unclassified,0,Breakdown product
724,Acetohexamide,787,968-81-0,Not Listed,324.43,Not Listed
725,Acetone,788,67-64-1,Unclassified,58.08,Solvent
726,Acetonitrile,789,75-05-8,Unclassified,41.05,Solvent
727,Acetophenone,790,98-86-2,Unclassified,120.1,Not Listed
728,Acetoxon,791,2425-25-4,Organophosphorus,0,"Breakdown product,Insecticide"
729,Acetylated lanolin,792,61788-48-5,Not Listed,0,Insecticide
730,Acetylated lanolin alcohol,793,1788-49-6,Not Listed,0,Insecticide
731,Acetylsalicylic acid,795,50-78-2,Not Listed,180.16,Drug
732,Acibenzolar-S-methyl,796,"135158-54-2, 126448-41-7",Unclassified,210.276,Fungicide
733,Acid blue 182,797,Not Listed,Unclassified,0,Dye
734,Acid blue 7,798,Not Listed,Unclassified,0,Dye
735,"Acid blue 9, diammonium salt",799,2650-18-2,Unclassified,792.84,Dye
736,"Acid blue 9, disodium salt",800,3844-45-9,Unclassified,792.86,Dye
737,Acid yellow 23,801,1934-21-0,Unclassified,534.37,Dye
738,Acifluorfen,802,50594-66-6,Diphenyl ether,361.62,Herbicide
739,"Acifluorfen, sodium salt",803,62476-59-9,Diphenyl ether,383.6,Herbicide
740,Aclonifen,804,74070-46-5,Diphenyl ether,264.66,Herbicide
741,Acridinic bases,805,Not Listed,Unclassified,0,Repellent
742,Acriflavine,806,"8048-52-0, 65589-70-0",Not Listed,0,Not Listed
743,Acrinathrin,807,"101007-06-1, 103833-18-7",Pyrethroid,541.4,Insecticide
744,Acrolein (Propenal),808,107-02-8,Aldehyde,56.06,"Algaecide,Fumigant"
745,Acrylamide,809,79-06-1,Not Listed,71.08,"Chemical intermediate,Dye,Industrial chemical,Paints, coatings, resins,Polymer production,Tobacco smoke component,Water Treatment"
746,Acrylamide/sodium acrylate copolymer,810,25085-02-3,Polymer,0,Adjuvant
747,Acrylate polymer IP3,811,70425-89-7,Polymer,0,Adjuvant
748,Acrylic acid,812,79-10-7,Unclassified,72.06,Not Listed
749,Acrylonitrile,813,107-13-1,Not Listed,53.06,"Chemical intermediate,Drug,Dye,Food additive,Fumigant,Industrial chemical,Insecticide,Paints, coatings, resins,Polymer production"
750,Actrasol SP,814,Not Listed,Not Listed,0,Not Listed
751,Acylamido alkylbenzyl dimethyl ammonium chloride,815,Not Listed,Quaternary Ammonium Compound,0,"Algaecide,Microbiocide"
752,Adipic acid,818,124-04-9,Not Listed,146.14,Not Listed
753,"Adipic acid, diisobutyl ester",819,141-04-8,Not Listed,0,Not Listed
754,Adjuvants,820,Not Listed,Unclassified,0,Adjuvant
755,Aeron,823,Not Listed,Not Listed,0,Not Listed
756,AG-SOY (Withdrawn: 35180-E: PM 25),824,Not Listed,Fatty acid ester,0,Adjuvant
757,Agar,825,9002-18-0,Not Listed,0,Not Listed
758,Agent 1059-106,826,Not Listed,Unclassified,0,Not Listed
759,Agent 1059-108,827,Not Listed,Unclassified,0,Not Listed
760,Agent 1315-33A,828,Not Listed,Unclassified,0,Not Listed
761,Agent 1315-33N,829,Not Listed,Unclassified,0,Not Listed
762,Agent 1594-9,830,Not Listed,Unclassified,0,Not Listed
763,Agent 551-85,831,Not Listed,Unclassified,0,Not Listed
764,Agent W-218,832,Not Listed,Unclassified,0,Not Listed
765,Agrobacterium radiobacter,833,Not Listed,Microbial,0,Fungicide
766,Agrobacterium radiobacter (strain K84),834,Not Listed,Microbial,0,Fungicide
767,Agrobacterium radiobacter strain K1026,835,Not Listed,Microbial,0,Fungicide
768,Agrobacterium radiobacter var radiobacter,836,Not Listed,Microbial,0,Fungicide
769,Agrobacterium vitis,837,Not Listed,Microbial,0,Fungicide
770,Agrobacterium vitis strain F2/5,838,Not Listed,Microbial,0,Fungicide
771,Agrotis segetum granulosis virus,839,Not Listed,Insect virus,0,Insecticide
772,Akton,840,1757-18-2,Organophosphorus,0,Insecticide
773,"Akton, other related",841,Not Listed,Organophosphorus,0,Insecticide
774,Alachlor,842,"15972-60-8, 15792-50-8",Chloroacetanilide,269.8,Herbicide
775,Alachlor ethanesulfonic acid (ESA),844,140939-15-7,Unclassified,0,Breakdown product
776,Alachlor oxanilic acid,846,Not Listed,Not Listed,0,Breakdown product
777,Alachlor sulfonic acid,847,Not Listed,Unclassified,0,Breakdown product
778,Alanycarb,849,83130-01-2,Other Carbamate,399.53,Insecticide
779,Alchoquin,850,130-26-7,Not Listed,305.5,Not Listed
780,"Alcohol ethoxylate (C9-C11, 6 EO)",851,68439-46-3,Polyalkyloxy Compound,0,Adjuvant
781,Alcohol sulfates,852,61711-25-9,Not Listed,0,Not Listed
782,"Alcohols, C4-C12, normal",854,Not Listed,Alcohol/Ether,0,"Microbiocide,Solvent"
783,"Alcohols, C6-C10",855,Not Listed,Alcohol/Ether,0,Not Listed
784,"Alcohols, C6, C8 &amp; C10, ethoxylated, propoxylated mix with alcohols, C12-15, ethoxylated",856,Not Listed,Polyalkyloxy Compound,0,Adjuvant
785,"Alcohols, C8-10",857,85566-12-7,Alcohol/Ether,0,"Microbiocide,Solvent"
786,Aldehyde C10,858,112-31-2,Unclassified,0,Not Listed
787,Aldehyde C11,859,112-44-7,Unclassified,0,Not Listed
788,Aldehyde C12,860,112-54-9,Unclassified,0,Not Listed
789,Hexanal,861,66-25-1,Unclassified,0,Not Listed
790,Octanal,862,124-13-0,Unclassified,128.22,Not Listed
791,Aldicarb,863,116-06-3,N-Methyl Carbamate,190.26,"Insecticide,Nematicide"
792,Aldicarb sulfoxide,864,1646-87-3,N-Methyl Carbamate,206.26,Breakdown product
793,Aldimorph,865,91315-15-0,Morpholine,283.49,Fungicide
794,Aldoxycarb,866,1646-88-4,N-Methyl Carbamate,222.26,Breakdown product
795,Aldrin,867,309-00-2,Organochlorine,364.93,Insecticide
796,"Aldrin, other related",868,Not Listed,Organochlorine,0,Insecticide
797,Alfalfa,869,Not Listed,Botanical,0,Not Listed
798,Alfalfa meal,870,Not Listed,Botanical,0,Not Listed
799,Algin,871,9005-38-3,Botanical,0,Not Listed
800,Aliphatic amines,872,Not Listed,Unclassified,0,Not Listed
801,Alkanol XC,875,Not Listed,Unclassified,0,Adjuvant
802,Alkanolamide surfactants,877,Not Listed,Soap,0,"Adjuvant,Soap or Surfactant"
803,"Alkanols (ave. C6), mixed",878,Not Listed,Alcohol/Ether,0,Adjuvant
804,Alkatronic PGP-33-4,879,Not Listed,Unclassified,0,Not Listed
805,Alkenoic acid poly oxyalkylene ether &amp; alkyl poly oxyalkylene ether,880,Not Listed,Polyalkyloxy Compound,0,Adjuvant
806,"Alkenyl (75%C18, 25%C16) dimethyl amine acetate",881,22968-84-9,Not Listed,0,"Adjuvant,Microbiocide"
807,Alkenyl* amine o-phenylphenate *(C8-C18),883,Not Listed,Phenol,0,Microbiocide
808,"Alkenyl* dimethyl ammonium chloride *(75% C18', 25% C16')",884,Not Listed,Quaternary Ammonium Compound,0,Microbiocide
809,"Alkenyl* dimethyl ethyl ammonium bromide *(90%C18, 10%C16')",885,6458-13-5,Quaternary Ammonium Compound,0,"Algaecide,Microbiocide"
810,"Alkenyl* dimethyl ethyl ammonium chloride *(75% C18', 25% C16')",886,Not Listed,Quaternary Ammonium Compound,0,Microbiocide
811,"Alkenyl* dimethyl ethyl ammonium chloride *(90% C18', 10% C16')",887,Not Listed,Quaternary Ammonium Compound,0,Microbiocide
812,Alkoxy poly (ethyleneoxy) ethyl phosphate,888,Not Listed,Polyalkyloxy Compound,0,"Adjuvant,Soap or Surfactant"
813,Alkoxyethyl phosphate,889,Not Listed,Not Listed,0,"Adjuvant,Soap or Surfactant"
814,"Alkyl (100% C10-C13) oxy poly (ethylene oxy) ethyl phosphate, mono-",890,Not Listed,Polyalkyloxy Compound,0,"Adjuvant,Soap or Surfactant"
815,Alkyl (100% C10-C14) oxy poly (ethylene oxy) ethyl phosphate,891,68585-36-4,Polyalkyloxy Compound,0,"Adjuvant,Soap or Surfactant"
816,Alkyl (100% C11-C15) phenoxypoly (ethylene oxy) ethanol,892,68131-40-8,Polyalkyloxy Compound,0,"Adjuvant,Avicide,Fungicide,Insecticide"
817,"Alkyl (29%C14, 29%C13, 21%C12, 21%C15) poly(oxypropylene) poly (oxyethylene) - iodine complex",893,Not Listed,Iodine Compound,0,Microbiocide
818,"Alkyl (47%C12, 18%C14, 10%C18, 10%C16, 15%C8-C10) dimethylbenzyl ammonium chloride",895,Not Listed,Quaternary Ammonium Compound,0,"Algaecide,Microbiocide"
819,"Alkyl (50%C12, 30%C14, 17%C16, 3%C18) dimethyl dichlorobenzyl ammonium chloride",896,8023-53-8,Quaternary Ammonium Compound,0,"Algaecide,Microbiocide"
820,"Alkyl (50%C12, 30%C14, 17%C16, 3%C18) dimethylbenzyl ammonium chloride",897,Not Listed,Quaternary Ammonium Compound,0,"Algaecide,Microbiocide"
821,"Alkyl (50%C12, 30%C14, 17%C16, 3%C18) dimethylethylbenzyl ammonium chloride",898,8045-21-4,Quaternary Ammonium Compound,377.83,"Algaecide,Microbiocide"
822,"Alkyl (50%C14, 40%C12, 10%C16) dimethylbenzyl ammonium chloride",899,Not Listed,Quaternary Ammonium Compound,0,"Algaecide,Microbiocide"
823,"Alkyl (50%C14, 40%C12, 10%C16) dimethylbenzyl ammonium saccharinate",900,"137951-75-8, 68989-01-5",Quaternary Ammonium Compound,377.83,"Algaecide,Microbiocide"
824,"Alkyl (53%C12, 19%C14, 8.5%C16, 7%C8, 6.5%C10, 6%C18)-1,3-propane diamine",901,61791-58-0,Alkyl Amino Propane,0,Microbiocide
825,"Alkyl (58%C14, 28%C16, 14%C12) dimethylbenzyl ammonium chloride",902,Not Listed,Quaternary Ammonium Compound,0,"Algaecide,Microbiocide"
826,"Alkyl (58%C18, 40%C16, 1%C14, 1%C12) trimethyl ammonium chloride",903,68391-03-7,Quaternary Ammonium Compound,0,Microbiocide
827,"Alkyl (60%C14, 25%C12, 15%C16) dimethylbenzyl ammonium chloride",904,68424-85-1,Quaternary Ammonium Compound,377.83,"Algaecide,Microbiocide"
828,"Alkyl (60%C14, 30%C16, 5%C12, 5%C18) dimethylbenzyl ammonium chloride",905,63449-41-2,Quaternary Ammonium Compound,377.83,"Algaecide,Microbiocide"
829,"Alkyl (61%C12, 23%C14, 11%C16, 3%C10, 2%C8) dimethylbenzyl ammonium chloride",906,68989-00-4,Quaternary Ammonium Compound,0,"Algaecide,Microbiocide"
830,"Alkyl (61%C12, 23%C14, 11%C16, 5%C8,C10,C18) dimethylbenzyl ammonium chloride",908,Not Listed,Quaternary Ammonium Compound,0,"Algaecide,Microbiocide"
831,"Alkyl (61%C12,23%C14,11%C16,2.5%C8 &amp; C10,2.5%C18) dimethyl benzyl ammonium chloride",909,61789-71-7,Quaternary Ammonium Compound,377.83,"Algaecide,Microbiocide"
832,"Alkyl (65%C12, 25%C14, 10%C16) dimethylbenzyl ammonium chloride",910,Not Listed,Quaternary Ammonium Compound,0,"Algaecide,Microbiocide"
833,"Alkyl (67%C12, 25%C14, 7%C16, 1%C18) dimethylbenzyl ammonium chloride",911,Not Listed,Quaternary Ammonium Compound,0,Algaecide
834,"Alkyl (67%C12, 25%C14, 7%C16, 1%C8,C10,C18) dimethylbenzyl ammonium chloride",912,Not Listed,Quaternary Ammonium Compound,0,"Algaecide,Microbiocide"
835,"Alkyl (68% C12, 32% C14) dimethyl dimethylbenzyl ammonium chloride",913,Not Listed,Quaternary Ammonium Compound,377.83,"Algaecide,Microbiocide"
836,"Alkyl (68%C12, 32%C14) dimethylethylbenzyl ammonium chloride",914,85409-23-0,Quaternary Ammonium Compound,377.83,"Algaecide,Fungicide,Microbiocide"
837,"Alkyl (70%C18, 27%C16, 3%C14) trimethyl ammonium chloride",915,68391-03-7,Quaternary Ammonium Compound,0,Microbiocide
838,"Alkyl (90%C14, 5%C12, 5%C16) dimethyl dichlorobenzyl ammonium chloride",916,8023-53-8,Quaternary Ammonium Compound,0,"Algaecide,Microbiocide"
839,"Alkyl (90%C14, 5%C12, 5%C16) dimethyl ethyl ammonium bromide",917,68527-84-4,Quaternary Ammonium Compound,0,"Algaecide,Microbiocide"
840,"Alkyl (90%C14, 5%C12, 5%C16) dimethylbenzyl ammonium chloride",918,Not Listed,Quaternary Ammonium Compound,0,"Algaecide,Microbiocide"
841,"Alkyl (93%C14, 4%C12, 3%C16) dimethylbenzyl ammonium chloride",919,Not Listed,Quaternary Ammonium Compound,0,"Algaecide,Microbiocide"
842,"Alkyl (95%C14, 3%C12, 2%C16) dimethyl benzyl ammonium chloride",920,68424-85-1,Quaternary Ammonium Compound,0,"Algaecide,Microbiocide"
843,"Alkyl (95%C14, 3%C12, 2%C16) dimethyl benzyl ammonium chloride dihydrate",921,Not Listed,Quaternary Ammonium Compound,377.83,"Algaecide,Microbiocide"
844,"Alkyl (95%C14, 3%C12, 2%C16) dimethyl benzyl ammonium chloride monohydrate",922,Not Listed,Quaternary Ammonium Compound,0,"Algaecide,Microbiocide"
845,"Alkyl (98%C12, 2%C14) dimethyl 1-naphthylmethyl ammonium chloride",923,53516-75-9,Quaternary Ammonium Compound,377.83,"Algaecide,Microbiocide"
846,Alkyl (as in fatty acids of coconut oil) monoethanolamide,924,68140-00-1,Not Listed,0,"Adjuvant,Soap or Surfactant"
847,Alkyl (C10-16) dimethyl amine oxide,925,61788-90-7,Not Listed,0,"Algaecide,Microbiocide"
848,"Alkyl (C10-C14) benzene sulfonic acid, calcium salt",926,Not Listed,Not Listed,0,"Fungicide,Insecticide,Microbiocide"
849,Alkyl (C12-C15)-poly(oxypropylene) poly(oxyethylene) - iodine complex,927,Not Listed,Iodine Compound,0,Microbiocide
850,"Alkyl (C14, C12, C16) dimethyl benzyl ammonium chloride",928,Not Listed,Quaternary Ammonium Compound,0,"Algaecide,Microbiocide"
851,Alkyl (C8-C18) bis (2-hydroxyethyl) benzyl ammonium chloride,929,61789-68-2,Quaternary Ammonium Compound,0,Microbiocide
852,"Alkyl (C8,C10) polyglycoside",930,68515-73-1,Polyalkyloxy Compound,0,Adjuvant
853,Alkyl (C9H12) benzenes,931,Not Listed,Unclassified,0,Solvent
854,"Alkyl &amp; dialkyl (C8-C13) phenoxybenzene disulfonic acid, sodium",932,Not Listed,Not Listed,0,Not Listed
855,"Alkyl &amp; dialkyl succinic acids, salts of",933,Not Listed,Not Listed,0,"Adjuvant,Soap or Surfactant"
856,"Alkyl and alkylaryl poly (oxyethylene) glycols, mixed",934,Not Listed,Polyalkyloxy Compound,0,Adjuvant
857,"Alkyl and alkylcarboxymethyl diazaheptanoic and triazanonanoic acids, alkyl diazanonanedoic acid, alkyl diazapentane and triazah",935,Not Listed,Not Listed,0,Not Listed
858,Alkyl aryl alkoxylate,936,Not Listed,Polyalkyloxy Compound,0,Adjuvant
859,Alkyl aryl polyoxyalkane ether and free fatty acids,937,Not Listed,Polyalkyloxy Compound,0,Adjuvant
860,Alkyl benzene sulfonic acid,938,Not Listed,Not Listed,326.49,"Fungicide,Insecticide,Microbiocide"
861,Alkyl benzyl glyoxalidinium chloride,939,Not Listed,Not Listed,0,Not Listed
862,"Alkyl diethylamide, alkyl derived from palm kernel oil fatty acids",940,73807-15-5,Not Listed,0,Adjuvant
863,Alkyl dimethyl amine,941,Not Listed,Amine,0,Microbiocide
864,Alkyl dimethyl cumenyl ammonium chloride,942,Not Listed,Quaternary Ammonium Compound,0,"Algaecide,Microbiocide"
865,Alkyl dimethyl ethyl benzyl ammonium cyclohexyl sulfonate,943,Not Listed,Quaternary Ammonium Compound,0,Microbiocide
866,Alkyl dimethyl ethylbenzyl ammonium cyclohexyl sulfamate,944,"71808-54-3, 37335-68-5",Quaternary Ammonium Compound,0,"Algaecide,Microbiocide"
867,Alkyl dimethyl isopropyl benzyl ammonium chloride,945,Not Listed,Quaternary Ammonium Compound,0,Microbiocide
868,"Alkyl imidazoline monocarboxylate, monosodium salt",946,Not Listed,Imidazoline,0,Microbiocide
869,Alkyl methyl isoquinolinium chloride,947,71820-38-7,Not Listed,0,"Fungicide,Microbiocide"
870,"Alkyl monoethyoxyethanol, diethoxyethyl benzyl ammonium chloride",948,Not Listed,Quaternary Ammonium Compound,0,Microbiocide
871,"Alkyl morpholinium ethosulphate (1% C14, 22% C16, 77% C18)",949,Not Listed,Quaternary Ammonium Compound,0,Fungicide
872,"Alkyl N,Nbis (2-hydroxy ethylamine) (100% C12-C18)",950,68155-05-6,Not Listed,0,Not Listed
873,Alkyl olefin aromatic polymers,951,Not Listed,Polymer,0,Adjuvant
874,Alkyl oxy poly (ethyleneoxy) ethyl phosphate,952,Not Listed,Polyalkyloxy Compound,0,"Adjuvant,Soap or Surfactant"
875,Alkyl oxy polyethoxy ethanol,953,Not Listed,Polyalkyloxy Compound,0,Adjuvant
876,Alkyl oxy-polyoxyethylene and alkyl phenyloxy-polyoxyethylene,954,Not Listed,Polyalkyloxy Compound,0,Adjuvant
877,Alkyl phenoxy poly (ethoxy) ethanol,955,Not Listed,Polyalkyloxy Compound,0,Adjuvant
878,Alkyl phenyl poly (ethoxy) ethanol,956,Not Listed,Polyalkyloxy Compound,0,Adjuvant
879,Alkyl polyethylene glycol ether,957,Not Listed,Polyalkyloxy Compound,0,"Adjuvant,Soap or Surfactant"
880,Alpha-alkyl(C12-C18)-omega-hydroxypoly(oxyethylene)Poly(oxypropylene),958,Not Listed,Polyalkyloxy Compound,0,Adjuvant
881,"Alkyl polyoxy ethylene ether, diphosphoric acid ester",959,Not Listed,Polyalkyloxy Compound,0,Adjuvant
882,"Alkyl polyoxy ethylene ether, free fatty acids",960,Not Listed,Polyalkyloxy Compound,0,Adjuvant
883,"Alkyl polyoxy ethylene ether, monophosphoric acid ester",961,Not Listed,Polyalkyloxy Compound,0,Adjuvant
884,"Alkyl polyoxy ethylene ethers, polymerized resins and fatty acids",962,Not Listed,Polyalkyloxy Compound,0,Adjuvant
885,Alkyl polyoxy ethylene glycols,963,Not Listed,Polyalkyloxy Compound,0,Adjuvant
886,"Alkyl pyridines, mixed",964,68391-11-7,Not Listed,0,Not Listed
887,Alkyl sulfate,965,Not Listed,Not Listed,0,Adjuvant
888,"Alkyl sulfate, sodium salt",966,Not Listed,Not Listed,0,Adjuvant
889,Alkyl trimethyl ammonium bromides,967,68424-92-0,Quaternary Ammonium Compound,0,Microbiocide
890,Alkyl trimethylenediamine adipate,968,68526-76-1,Not Listed,0,Not Listed
891,"Alkyl-1,3-propylene diamine acetate, alkyl derived from coconut oil fatty acids",969,61790-63-7,Alkyl Amino Propane,0,"Microbiocide,Soap or Surfactant"
892,"Alkyl-1,3-propylene diamine adipate, alkyl derived from coconut oil fatty acids",970,68155-42-0,Alkyl Amino Propane,0,"Microbiocide,Soap or Surfactant"
893,"Alkyl-1,3-propylene diamine, alkyl derived from coconut oil fatty acids",971,Not Listed,Alkyl Amino Propane,0,"Microbiocide,Soap or Surfactant"
894,"Alkyl(68%C12, 32%C14)dimethyl dimethylbenzyl ammonium chloride",972,Not Listed,Quaternary Ammonium Compound,0,Algaecide
895,"Alkyl* (ethyl cycloimidinium) 3-hydroxy-3-ethyl sodium alcoholate, 2-methyl sodium carboxylate-tridecyl polyoxyethylene ethanol",973,Not Listed,Iodine Compound,0,Microbiocide
896,"Alkyl* amine 2,4-dichlorophenoxyacetate *(100% C13)",974,53404-06-1,"Chlorophenoxy acid, salt, or ester",0,Herbicide
897,"Alkyl* amine 2,4-dichlorophenoxyacetate *(as in fatty acids of tall oil)",975,137335-70-7,"Chlorophenoxy acid, salt, or ester",0,Herbicide
898,"Alkyl* amine acetate *(48%C12, 18%C14, 10%C18, 9%C16, 8%C8, 7%C10)",976,61790-60-1,Quaternary Ammonium Compound,0,Adjuvant
899,"Alkyl* benzyl trimethyl ammonium chloride *(50%C12, 20%C13, 10%C14, 10%C11, 10%C10)",977,Not Listed,Quaternary Ammonium Compound,0,Microbiocide
900,"Alkyl* benzyl trimethyl ammonium chloride *(56%C12', 27%C11, 9%C13', 4%C10', 3%C14', 1%C15')",978,Not Listed,Quaternary Ammonium Compound,0,Microbiocide
901,"Alkyl* bis(2-hydroxyethyl) amine acetate *(65% C18, 30% C16, 5% C14)",979,Not Listed,Not Listed,0,Microbiocide
902,Alkyl* bis(2-hydroxyethyl) ammonium acetate *(as in fatty acids of coconut oil),980,61791-31-9,Not Listed,0,Soap or Surfactant
903,"Alkyl* bis(2-hydroxyethyl)benzyl ammonium chloride *(57%C10, 20%C12, 11%C14, 9%C18, 2%C16, 1%C8)",981,91721-81-2,Quaternary Ammonium Compound,0,Not Listed
904,"Alkyl* diethanolamide *(70% C12, 30% C14)",982,"7545-23-5, 97926-10-8",Not Listed,0,"Fungicide,Insecticide,Rodenticide"
905,"Alkyl* diethylenetriamine *(80%C12, 15%C14, 5%C10)",983,4182-44-9,Not Listed,0,Not Listed
906,"Alkyl* dihydroxyethyl amine oxide *(50%C12, 27%C14, 10%C16, 8%C10, 5%C8)",984,Not Listed,Not Listed,0,Microbiocide
907,"Alkyl* dimethyl 3,4-dichlorobenzyl ammonium chloride *(42% C12, 27% C14, 13% C16, 18% C8-C18)",985,Not Listed,Quaternary Ammonium Compound,0,"Algaecide,Microbiocide"
908,"Alkyl* dimethyl 3,4-dichlorobenzyl ammonium chloride *(50%C14, 40%C12, 10%C16)",986,68989-02-6,Quaternary Ammonium Compound,0,"Algaecide,Microbiocide"
909,"Alkyl* dimethyl 3,4-dichlorobenzyl ammonium chloride *(55%C14, 23%C12, 20%C16, 2%C18)",987,92129-28-7,Quaternary Ammonium Compound,0,"Algaecide,Microbiocide"
910,"Alkyl* dimethyl 3,4-dichlorobenzyl ammonium chloride *(60% C14, 30% C16, 10% C12)",988,68989-02-6,Quaternary Ammonium Compound,0,"Algaecide,Microbiocide"
911,"Alkyl* dimethyl 3,4-dichlorobenzyl ammonium chloride *(60%C12, 25%C14, 15%C16)",989,68989-02-6,Quaternary Ammonium Compound,0,"Algaecide,Microbiocide"
912,"Alkyl* dimethyl 3,4-dichlorobenzyl ammonium chloride *(63% C12, 23% C14, 14% C16)",990,68989-02-6,Quaternary Ammonium Compound,0,"Algaecide,Microbiocide"
913,"Alkyl* dimethyl 3,4-dichlorobenzyl ammonium chloride *(65%C12, 22%C14, 10%C16, 3%C18)",991,92129-28-7,Quaternary Ammonium Compound,0,"Algaecide,Microbiocide"
914,"Alkyl* dimethyl 3,4-dichlorobenzyl ammonium chloride *(68% C12, 27% C14, 5%C16)",992,68989-02-6,Quaternary Ammonium Compound,0,"Algaecide,Microbiocide"
915,"Alkyl* dimethyl 3,4-dichlorobenzyl ammonium chloride *(75% C12, 25% C14)",993,"68568-47-8, 68989-02-6",Quaternary Ammonium Compound,0,"Algaecide,Microbiocide"
916,"Alkyl* dimethyl 3,4-dichlorobenzyl ammonium chloride *(90%C14, 5%C16, 5%C12)",994,68989-02-6,Quaternary Ammonium Compound,0,"Algaecide,Microbiocide"
917,"Alkyl* dimethyl 3,4-dichlorobenzyl ammonium chloride *(C12 65%, C14 25%, C16 10%)",995,68989-02-6,Quaternary Ammonium Compound,0,"Algaecide,Microbiocide"
918,"Alkyl* dimethyl 3,4-dichlorobenzyl ammonium chloride polyethoxypolypropoxypolyethoxyethanol - iodine complex *(50%C12, 30%C14, 1",996,Not Listed,"Iodine Compound, Quaternary Ammonium Compound",0,Microbiocide
919,"Alkyl* dimethyl ammonium bromide *(50% C12, 30% C14, 17% C16, 3% C18)",997,Not Listed,Quaternary Ammonium Compound,0,Microbiocide
920,"Alkyl* dimethyl ammonium bromide *(67% C16, 30% C14, 3% C12-C18)",998,Not Listed,Quaternary Ammonium Compound,0,Microbiocide
921,Alkyl* dimethyl benzyl ammonium bentonite *(as in fatty acids of tallow),999,71011-24-0,Quaternary Ammonium Compound,0,"Algaecide,Microbiocide"
922,Alkyl* dimethyl benzyl ammonium chloride *(100% C16),1000,122-18-9,Quaternary Ammonium Compound,0,"Algaecide,Microbiocide"
